"Count","Name"
"10","D:\projects\admin-dashboard\app\(admin)\inventory\components\InventoryForm.tsx"
"10","D:\projects\admin-dashboard\app\components\barcode-scanner\BarcodeScannerModal.tsx"
"8","D:\projects\admin-dashboard\app\(admin)\orders\page.tsx"
"8","D:\projects\admin-dashboard\app\components\admin\AdminCommandPalette.tsx"
"8","D:\projects\admin-dashboard\app\components\modals\HipaaSafetyModal.tsx"
"8","D:\projects\admin-dashboard\app\(admin)\audit-logs\components\AuditDetails.tsx"
"8","D:\projects\admin-dashboard\app\(admin)\inventory\page.tsx"
"8","D:\projects\admin-dashboard\app\(admin)\users\components\UserDirectory.tsx"
"7","D:\projects\admin-dashboard\app\(admin)\products\components\ProductMobileCard.tsx"
"7","D:\projects\admin-dashboard\app\(admin)\reports\wip\components\WipTable.tsx"
"7","D:\projects\admin-dashboard\app\(admin)\rentals\components\RentalMobileCard.tsx"
"7","D:\projects\admin-dashboard\app\(admin)\products\components\ProductInputs.tsx"
"7","D:\projects\admin-dashboard\app\(admin)\products\components\ProductForm.tsx"
"7","D:\projects\admin-dashboard\app\components\admin\AdminProfileMenu.tsx"
"7","D:\projects\admin-dashboard\app\(admin)\orders\lib\orderUi.ts"
"7","D:\projects\admin-dashboard\app\components\reports\ReportsImportsTable.tsx"
"6","D:\projects\admin-dashboard\app\(admin)\audit-logs\components\AuditWatchList.tsx"
"6","D:\projects\admin-dashboard\app\components\admin\AdminShellTopbar.tsx"
"6","D:\projects\admin-dashboard\app\(admin)\reports\patients\[patientId]\components\PatientDetailHeader.tsx"
"6","D:\projects\admin-dashboard\app\components\admin\AdminNotifications.tsx"
"6","D:\projects\admin-dashboard\app\(admin)\products\components\ProductFilters.tsx"
"6","D:\projects\admin-dashboard\app\(admin)\products\components\ProductCatalog.tsx"
"6","D:\projects\admin-dashboard\app\(admin)\rentals\page.tsx"
"6","D:\projects\admin-dashboard\app\components\barcode-scanner\components\HardwareScannerPanel.tsx"
"6","D:\projects\admin-dashboard\app\(admin)\reports\upload\components\UploadRulesPanel.tsx"
"6","D:\projects\admin-dashboard\app\(admin)\reports\upload\components\UploadQueueList.tsx"
"6","D:\projects\admin-dashboard\app\(admin)\dashboard\components\sections\BirthdaysSection.tsx"
"6","D:\projects\admin-dashboard\app\(admin)\reports\upload\components\UploadQueue.tsx"
"5","D:\projects\admin-dashboard\app\(admin)\command-center\components\CommandHero.tsx"
"5","D:\projects\admin-dashboard\app\components\admin\AdminGlobalSearch.tsx"
"5","D:\projects\admin-dashboard\app\(admin)\settings\components\users\UserRow.tsx"
"5","D:\projects\admin-dashboard\app\(admin)\reports\components\ReportSectionGrid.tsx"
"5","D:\projects\admin-dashboard\app\(admin)\command-center\components\HospiceList.tsx"
"5","D:\projects\admin-dashboard\app\(admin)\products\components\ProductTableRow.tsx"
"5","D:\projects\admin-dashboard\app\(admin)\rentals\components\RentalsHeader.tsx"
"5","D:\projects\admin-dashboard\app\(admin)\users\components\UsersFilters.tsx"
"5","D:\projects\admin-dashboard\app\(admin)\audit-logs\page.tsx"
"5","D:\projects\admin-dashboard\app\(admin)\products\components\ProductHero.tsx"
"5","D:\projects\admin-dashboard\app\(admin)\settings\page.tsx"
"5","D:\projects\admin-dashboard\app\(admin)\inventory\components\InventoryLoadingState.tsx"
"5","D:\projects\admin-dashboard\app\(admin)\audit-logs\components\AuditFilters.tsx"
"5","D:\projects\admin-dashboard\app\components\barcode-scanner\components\ManualScannerPanel.tsx"
"5","D:\projects\admin-dashboard\app\(admin)\reports\upload\components\BatchHealthPanel.tsx"
"5","D:\projects\admin-dashboard\app\(admin)\inventory\components\InventoryEmptyState.tsx"
"5","D:\projects\admin-dashboard\app\(admin)\inventory\components\InventoryHeader.tsx"
"5","D:\projects\admin-dashboard\app\components\admin\AdminSidebar.tsx"
"5","D:\projects\admin-dashboard\app\(admin)\settings\components\shared\ToggleRow.tsx"
"5","D:\projects\admin-dashboard\app\(admin)\settings\components\users\UsersTable.tsx"
"4","D:\projects\admin-dashboard\app\components\MaintenanceGate.tsx"
"4","D:\projects\admin-dashboard\app\(admin)\reports\analytics\components\AnalyticsSourceCard.tsx"
"4","D:\projects\admin-dashboard\app\(admin)\rentals\components\RentalForm.tsx"
"4","D:\projects\admin-dashboard\app\(admin)\reports\patients\[patientId]\page.tsx"
"4","D:\projects\admin-dashboard\app\(admin)\command-center\components\TaskList.tsx"
"4","D:\projects\admin-dashboard\app\(admin)\rentals\components\StatCard.tsx"
"4","D:\projects\admin-dashboard\app\(admin)\settings\components\company\RecentActivityCard.tsx"
"4","D:\projects\admin-dashboard\app\(admin)\reports\upload\components\UploadBatchActions.tsx"
"4","D:\projects\admin-dashboard\app\(admin)\users\components\CreateUserPanel.tsx"
"4","D:\projects\admin-dashboard\app\(admin)\reports\patients\[patientId]\components\PatientReportSources.tsx"
"4","D:\projects\admin-dashboard\app\(admin)\reports\wip\components\WipErrorState.tsx"
"4","D:\projects\admin-dashboard\app\(admin)\products\components\ProductStatsGrid.tsx"
"4","D:\projects\admin-dashboard\app\components\auth\AuthGuard.tsx"
"4","D:\projects\admin-dashboard\app\(admin)\dashboard\components\sections\RentalsSection.tsx"
"4","D:\projects\admin-dashboard\app\(admin)\orders\components\SmartFiltersPanel.tsx"
"4","D:\projects\admin-dashboard\app\(admin)\command-center\components\Panel.tsx"
"4","D:\projects\admin-dashboard\app\(admin)\orders\components\SmartCommandStrip.tsx"
"4","D:\projects\admin-dashboard\app\(admin)\users\components\UsersHeader.tsx"
"4","D:\projects\admin-dashboard\app\(admin)\rentals\components\shared\EmptyState.tsx"
"4","D:\projects\admin-dashboard\app\(admin)\inventory\components\InventoryStats.tsx"
"4","D:\projects\admin-dashboard\app\(admin)\command-center\components\IssueList.tsx"
"3","D:\projects\admin-dashboard\app\(admin)\command-center\components\StatCard.tsx"
"3","D:\projects\admin-dashboard\app\(admin)\reports\upload\components\StatCard.tsx"
"3","D:\projects\admin-dashboard\app\(admin)\inventory\components\fields\ScanInput.tsx"
"3","D:\projects\admin-dashboard\app\(admin)\command-center\components\RecallList.tsx"
"3","D:\projects\admin-dashboard\app\(admin)\reports\upload\components\MiniStat.tsx"
"3","D:\projects\admin-dashboard\app\components\barcode-scanner\components\CameraScannerPanel.tsx"
"3","D:\projects\admin-dashboard\app\(admin)\reports\wip\page.tsx"
"3","D:\projects\admin-dashboard\app\(admin)\reports\patients\components\PatientList.tsx"
"3","D:\projects\admin-dashboard\app\(admin)\reports\upload\components\ImportHealthPanel.tsx"
"3","D:\projects\admin-dashboard\app\components\admin\AdminBreadcrumbs.tsx"
"3","D:\projects\admin-dashboard\app\(admin)\audit-logs\components\SelectField.tsx"
"3","D:\projects\admin-dashboard\app\(admin)\reports\analytics\components\AnalyticsHero.tsx"
"3","D:\projects\admin-dashboard\app\(admin)\users\components\UserRowCard.tsx"
"3","D:\projects\admin-dashboard\app\(admin)\users\components\UsersStats.tsx"
"3","D:\projects\admin-dashboard\app\(admin)\layout.tsx"
"3","D:\projects\admin-dashboard\app\(admin)\orders\components\OrdersHeader.tsx"
"3","D:\projects\admin-dashboard\app\(admin)\reports\delivery\page.tsx"
"3","D:\projects\admin-dashboard\app\(admin)\reports\hospice\components\HospiceFilters.tsx"
"2","D:\projects\admin-dashboard\app\(admin)\reports\wip\components\WipAnalytics.tsx"
"2","D:\projects\admin-dashboard\app\components\modals\shared\ModalShell.tsx"
"2","D:\projects\admin-dashboard\app\components\modals\shared\ModalHeader.tsx"
"2","D:\projects\admin-dashboard\app\(admin)\reports\wip\components\WipStatusBadge.tsx"
"2","D:\projects\admin-dashboard\app\(admin)\reports\wip\components\WipLoadingState.tsx"
"2","D:\projects\admin-dashboard\app\(admin)\settings\components\PageHeader.tsx"
"2","D:\projects\admin-dashboard\app\(admin)\settings\components\users\UserCreateCard.tsx"
"2","D:\projects\admin-dashboard\app\components\ui\PageHeader.tsx"
"2","D:\projects\admin-dashboard\app\(admin)\users\components\TextInput.tsx"
"2","D:\projects\admin-dashboard\app\(admin)\users\components\SelectInput.tsx"
"2","D:\projects\admin-dashboard\app\(admin)\settings\components\shared\Field.tsx"
"2","D:\projects\admin-dashboard\app\components\auth\StaffOrAdmin.tsx"
"2","D:\projects\admin-dashboard\app\(admin)\settings\components\shared\InfoCard.tsx"
"2","D:\projects\admin-dashboard\app\components\admin\AdminShell.tsx"
"2","D:\projects\admin-dashboard\app\(admin)\settings\components\shared\SectionHeader.tsx"
"2","D:\projects\admin-dashboard\app\(admin)\reports\upload\components\UploadSettingsCards.tsx"
"2","D:\projects\admin-dashboard\app\(admin)\rentals\components\fields\Textarea.tsx"
"2","D:\projects\admin-dashboard\app\(admin)\rentals\components\fields\TextInput.tsx"
"2","D:\projects\admin-dashboard\app\(admin)\inventory\components\fields\SelectInput.tsx"
"2","D:\projects\admin-dashboard\app\(admin)\rentals\components\fields\SelectField.tsx"
"2","D:\projects\admin-dashboard\app\(admin)\inventory\components\fields\SearchInput.tsx"
"2","D:\projects\admin-dashboard\app\(admin)\reports\hospice\components\HospiceEmptyState.tsx"
"2","D:\projects\admin-dashboard\app\(admin)\inventory\components\InventoryBatchActions.tsx"
"2","D:\projects\admin-dashboard\app\(admin)\rentals\components\shared\SectionHeader.tsx"
"2","D:\projects\admin-dashboard\app\(admin)\rentals\components\shared\GlassCard.tsx"
"2","D:\projects\admin-dashboard\app\(admin)\inventory\components\fields\Textarea.tsx"
"2","D:\projects\admin-dashboard\app\(admin)\reports\analytics\components\AnalyticsFilterCard.tsx"
"2","D:\projects\admin-dashboard\app\(admin)\inventory\components\fields\TextInput.tsx"
"2","D:\projects\admin-dashboard\app\(admin)\reports\hospice\components\HospiceStatsGrid.tsx"
"2","D:\projects\admin-dashboard\app\(admin)\reports\patients\[patientId]\components\PatientNotesSection.tsx"
"2","D:\projects\admin-dashboard\app\(admin)\products\components\ProductBadges.tsx"
"2","D:\projects\admin-dashboard\app\(admin)\audit-logs\components\SummaryCard.tsx"
"2","D:\projects\admin-dashboard\app\(admin)\inventory\components\InventoryTable.tsx"
"2","D:\projects\admin-dashboard\app\(admin)\reports\hospice\page.tsx"
"2","D:\projects\admin-dashboard\app\(admin)\reports\hospice\components\HospiceSystemStats.tsx"
"2","D:\projects\admin-dashboard\app\(admin)\reports\analytics\components\AnalyticsStatGrid.tsx"
"2","D:\projects\admin-dashboard\app\(admin)\products\page.tsx"
"2","D:\projects\admin-dashboard\app\(admin)\products\components\ProductThumb.tsx"
"1","D:\projects\admin-dashboard\app\(admin)\orders\components\ImportPanel.tsx"
"1","D:\projects\admin-dashboard\app\(admin)\inventory\components\InventoryPills.tsx"
"1","D:\projects\admin-dashboard\app\components\admin\AdminSystemAlerts.tsx"
"1","D:\projects\admin-dashboard\app\(admin)\inventory\components\InventoryTableRow.tsx"
"1","D:\projects\admin-dashboard\app\components\reports\ReportsKpiCards.tsx"
"1","D:\projects\admin-dashboard\app\(admin)\command-center\components\EmptyState.tsx"
"1","D:\projects\admin-dashboard\app\components\reports\ReportUploadCard.tsx"
"1","D:\projects\admin-dashboard\app\(admin)\audit-logs\components\AuditList.tsx"
"1","D:\projects\admin-dashboard\app\components\ui\PrimaryButton.tsx"
"1","D:\projects\admin-dashboard\app\components\reports\OpenUploadCenterButton.tsx"
"1","D:\projects\admin-dashboard\app\components\barcode-scanner\components\ScannerModeButton.tsx"
"1","D:\projects\admin-dashboard\app\login\page.tsx"
"1","D:\projects\admin-dashboard\app\(admin)\inventory\components\fields\FilterSelect.tsx"
"1","D:\projects\admin-dashboard\app\(admin)\command-center\components\MiniCard.tsx"
"1","D:\projects\admin-dashboard\app\(admin)\command-center\utils\commandCenterFormat.ts"
"1","D:\projects\admin-dashboard\app\(admin)\settings\components\danger\ResetCard.tsx"
"1","D:\projects\admin-dashboard\app\(admin)\reports\wip\wip-constants.ts"
"1","D:\projects\admin-dashboard\app\(admin)\reports\hospice\hospice-utils.ts"
"1","D:\projects\admin-dashboard\app\(admin)\reports\hospice\components\HospicePatientCard.tsx"
"1","D:\projects\admin-dashboard\app\(admin)\settings\components\shared\StatusPill.tsx"
"1","D:\projects\admin-dashboard\app\(admin)\reports\insurance\page.tsx"
"1","D:\projects\admin-dashboard\app\(admin)\reports\upload\components\UploadDropzone.tsx"
"1","D:\projects\admin-dashboard\app\(admin)\reports\upload\components\UploadHero.tsx"
"1","D:\projects\admin-dashboard\app\(admin)\reports\wip\components\WipFilters.tsx"
"1","D:\projects\admin-dashboard\app\(admin)\reports\upload\components\StatusBadge.tsx"
"1","D:\projects\admin-dashboard\app\(admin)\reports\upload\components\UploadAccessGate.tsx"
"1","D:\projects\admin-dashboard\app\(admin)\orders\components\SmartReviewBadges.tsx"
"1","D:\projects\admin-dashboard\app\(admin)\users\page.tsx"
"1","D:\projects\admin-dashboard\app\(admin)\orders\components\OrdersTabs.tsx"
"1","D:\projects\admin-dashboard\app\(admin)\orders\components\OrderModal.tsx"
"1","D:\projects\admin-dashboard\app\components\admin\AdminPageHeader.tsx"
"1","D:\projects\admin-dashboard\app\(admin)\rentals\components\RentalActions.tsx"
"1","D:\projects\admin-dashboard\app\(admin)\reports\components\UploadRuleCard.tsx"
"1","D:\projects\admin-dashboard\app\(admin)\reports\hospice\components\HospiceHero.tsx"
"1","D:\projects\admin-dashboard\app\(admin)\settings\components\TabBar.tsx"
"1","D:\projects\admin-dashboard\app\(admin)\rentals\components\RentalTableRow.tsx"
"1","D:\projects\admin-dashboard\app\(admin)\reports\analytics\components\AnalyticsHealthBanner.tsx"
