"Path","LineNumber","Pattern","Line"
"D:\projects\admin-dashboard\app\(admin)\audit-logs\components\AuditDetails.tsx","20","bg-black","<div className=""rounded-2xl border border-white/50 bg-white/50 p-4 backdrop-blur-xl dark:border-white/10 dark:bg-black/20"">"
"D:\projects\admin-dashboard\app\(admin)\audit-logs\components\AuditDetails.tsx","32","bg-white","<section className=""sticky top-6 h-fit max-h-[calc(100vh-3rem)] overflow-auto rounded-3xl border border-white/50 bg-white/60 p-6 shadow-sm backdrop-blur-2xl dark:border-white/10 dark:bg-white/[0.06]"">"
"D:\projects\admin-dashboard\app\(admin)\audit-logs\components\AuditDetails.tsx","87","bg-black","<div className=""rounded-2xl border border-white/50 bg-white/50 p-4 backdrop-blur-xl dark:border-white/10 dark:bg-black/20"">"
"D:\projects\admin-dashboard\app\(admin)\audit-logs\components\AuditDetails.tsx","92","text-slate-","<pre className=""mt-3 max-h-[500px] overflow-auto whitespace-pre-wrap text-xs text-slate-800 dark:text-slate-200"">"
"D:\projects\admin-dashboard\app\(admin)\audit-logs\components\AuditFilters.tsx","35","bg-white","<section className=""rounded-3xl border border-white/50 bg-white/60 p-4 shadow-sm backdrop-blur-2xl dark:border-white/10 dark:bg-white/[0.06]"">"
"D:\projects\admin-dashboard\app\(admin)\audit-logs\components\AuditFilters.tsx","55","bg-black","className=""w-full rounded-2xl border border-white/50 bg-white/70 py-3 pl-11 pr-4 text-sm outline-none backdrop-blur-xl transition focus:border-blue-400/60 focus:ring-4 focus:ring-blue-500/10 dark:border-white/10 dark:bg-black/20"""
"D:\projects\admin-dashboard\app\(admin)\audit-logs\components\AuditFilters.tsx","120","bg-black","className=""inline-flex items-center justify-center gap-2 rounded-2xl border border-white/50 bg-white/70 px-4 py-3 text-sm font-medium backdrop-blur-xl transition hover:bg-white/90 dark:border-white/10 dark:bg-black/20 dark:hover:bg-white/[0.08]"""
"D:\projects\admin-dashboard\app\(admin)\audit-logs\components\AuditList.tsx","68","bg-white",": ""border-white/10 bg-white/[0.045] hover:bg-white/[0.07]"""
"D:\projects\admin-dashboard\app\(admin)\audit-logs\components\AuditWatchList.tsx","32","bg-white","<section className=""rounded-3xl border border-white/50 bg-white/60 p-5 shadow-sm backdrop-blur-2xl dark:border-white/10 dark:bg-white/[0.06]"">"
"D:\projects\admin-dashboard\app\(admin)\audit-logs\components\AuditWatchList.tsx","44","bg-black","className=""w-full rounded-2xl border border-white/50 bg-white/50 p-3 text-left backdrop-blur-xl transition hover:bg-white/80 dark:border-white/10 dark:bg-black/20 dark:hover:bg-white/[0.08]"""
"D:\projects\admin-dashboard\app\(admin)\audit-logs\components\AuditWatchList.tsx","71","bg-black","className=""w-full rounded-2xl border border-red-500/20 bg-white/40 p-3 text-left backdrop-blur-xl transition hover:bg-red-500/10 dark:bg-black/20"""
"D:\projects\admin-dashboard\app\(admin)\audit-logs\components\SelectField.tsx","28","bg-black","className=""w-full rounded-2xl border border-white/50 bg-white/70 px-4 py-3 text-sm outline-none backdrop-blur-xl transition focus:border-blue-400/60 focus:ring-4 focus:ring-blue-500/10 dark:border-white/10 dark:bg-black/20"""
"D:\projects\admin-dashboard\app\(admin)\audit-logs\components\SelectField.tsx","31","text-white","<option key={option.value} value={option.value} className=""bg-white text-slate-950 dark:bg-slate-950 dark:text-white"">"
"D:\projects\admin-dashboard\app\(admin)\audit-logs\components\SummaryCard.tsx","15","bg-white",": ""border-white/50 bg-white/60 dark:border-white/10 dark:bg-white/[0.06]"""
"D:\projects\admin-dashboard\app\(admin)\audit-logs\page.tsx","289","text-slate-","<div className=""relative flex items-center gap-3 p-6 text-slate-300"">"
"D:\projects\admin-dashboard\app\(admin)\audit-logs\page.tsx","333","text-slate-","<div className={""inline-flex items-center gap-2 rounded-full border border-white/10 bg-white/10 px-3 py-1 text-xs font-semibold uppercase tracking-[0.18em] text-slate-200 shadow-sm backdrop-blur-xl""}>"
"D:\projects\admin-dashboard\app\(admin)\audit-logs\page.tsx","369","text-white","className={""inline-flex items-center justify-center gap-2 rounded-2xl border border-white/10 bg-transparent px-4 py-2 text-sm font-semibold text-slate-300 transition hover:bg-white/10 hover:text-white disabled:cursor-not-allowed disabled:opacity-50""}"
"D:\projects\admin-dashboard\app\(admin)\audit-logs\page.tsx","382","text-slate-","className={""inline-flex items-center justify-center gap-2 rounded-2xl bg-cyan-300 px-5 py-3 text-sm font-bold text-slate-950 shadow-lg shadow-cyan-500/20 transition hover:bg-cyan-200 disabled:cursor-not-allowed disabled:opacity-50""}"
"D:\projects\admin-dashboard\app\(admin)\command-center\components\CommandHero.tsx","10","border-white","<section className=""rounded-3xl border border-white/10 bg-gradient-to-br from-white/[0.08] via-neutral-950/90 to-red-950/30 p-6 shadow-2xl shadow-black/30 backdrop-blur-2xl"">"
"D:\projects\admin-dashboard\app\(admin)\command-center\components\CommandHero.tsx","17","text-white","<h1 className=""mt-2 text-3xl font-bold tracking-tight text-white md:text-4xl"">"
"D:\projects\admin-dashboard\app\(admin)\command-center\components\CommandHero.tsx","28","bg-black","<div className=""rounded-2xl border border-white/10 bg-black/30 px-4 py-3 text-sm text-neutral-300 backdrop-blur-xl"">"
"D:\projects\admin-dashboard\app\(admin)\command-center\components\CommandHero.tsx","36","text-white","Monitoring <strong className=""text-white"">{openIssues}</strong>{"" ""}"
"D:\projects\admin-dashboard\app\(admin)\command-center\components\EmptyState.tsx","7","bg-white","<div className=""rounded-2xl border border-dashed border-white/10 bg-white/[0.03] p-6 text-sm leading-6 text-neutral-400"">"
"D:\projects\admin-dashboard\app\(admin)\command-center\components\MiniCard.tsx","17","text-white","<p className=""mt-2 min-w-0 break-words text-2xl font-black leading-none tracking-tight text-white"">"
"D:\projects\admin-dashboard\app\(admin)\command-center\components\Panel.tsx","12","bg-white","<section className=""rounded-3xl border border-white/10 bg-white/[0.06] p-5 shadow-xl shadow-black/20 backdrop-blur-2xl"">"
"D:\projects\admin-dashboard\app\(admin)\command-center\components\Panel.tsx","14","bg-white","<div className=""rounded-2xl border border-white/10 bg-white/5 p-2"">"
"D:\projects\admin-dashboard\app\(admin)\command-center\components\Panel.tsx","19","text-white","<h2 className=""text-lg font-bold text-white"">{title}</h2>"
"D:\projects\admin-dashboard\app\(admin)\command-center\components\StatCard.tsx","21","bg-white","<div className=""rounded-3xl border border-white/10 bg-white/[0.06] p-5 shadow-xl shadow-black/20 backdrop-blur-2xl"">"
"D:\projects\admin-dashboard\app\(admin)\command-center\components\StatCard.tsx","29","text-white","<p className=""mt-2 text-3xl font-bold text-white"">{value}</p>"
"D:\projects\admin-dashboard\app\(admin)\command-center\utils\commandCenterFormat.ts","32","bg-white","return ""border-white/10 bg-white/5 text-neutral-300"";"
"D:\projects\admin-dashboard\app\(admin)\dashboard\components\sections\RentalsSection.tsx","24","bg-black","className=""rounded-2xl border border-white/10 bg-black/20 p-4"""
"D:\projects\admin-dashboard\app\(admin)\dashboard\components\sections\RentalsSection.tsx","30","text-white","<p className=""text-sm text-white/50"">"
"D:\projects\admin-dashboard\app\(admin)\dashboard\components\sections\RentalsSection.tsx","34","text-white","<p className=""mt-2 text-sm font-semibold text-white"">"
"D:\projects\admin-dashboard\app\(admin)\inventory\components\fields\FilterSelect.tsx","22","text-white","className=""rounded-2xl border border-white/10 bg-black/45 px-4 py-3 text-sm text-white outline-none shadow-inner shadow-black/20 backdrop-blur-xl transition focus:border-white/30 focus:bg-black/55"""
"D:\projects\admin-dashboard\app\(admin)\inventory\components\fields\ScanInput.tsx","23","text-slate-","<label htmlFor={inputId} className=""mb-2 block text-sm text-slate-300"">"
"D:\projects\admin-dashboard\app\(admin)\inventory\components\fields\ScanInput.tsx","35","text-white","className=""w-full rounded-2xl border border-white/10 bg-black/45 px-4 py-3 text-white outline-none placeholder:text-slate-600 shadow-inner shadow-black/20 backdrop-blur-xl transition focus:border-white/30 focus:bg-black/55"""
"D:\projects\admin-dashboard\app\(admin)\inventory\components\fields\ScanInput.tsx","41","text-white","className=""rounded-2xl border border-white/10 bg-white/10 px-4 text-white shadow-lg shadow-black/20 backdrop-blur-xl transition hover:bg-white/15"""
"D:\projects\admin-dashboard\app\(admin)\inventory\components\fields\SearchInput.tsx","21","text-white","className=""w-full rounded-2xl border border-white/10 bg-black/45 py-3 pl-10 pr-4 text-sm text-white outline-none placeholder:text-slate-600 shadow-inner shadow-black/20 backdrop-blur-xl transition focus:border-white/30 focus:bg-black/55"""
"D:\projects\admin-dashboard\app\(admin)\inventory\components\fields\SelectInput.tsx","24","text-slate-","<label htmlFor={selectId} className=""mb-2 block text-sm text-slate-300"">"
"D:\projects\admin-dashboard\app\(admin)\inventory\components\fields\SelectInput.tsx","34","text-white","className=""w-full rounded-2xl border border-white/10 bg-black/45 px-4 py-3 text-white outline-none shadow-inner shadow-black/20 backdrop-blur-xl transition focus:border-white/30 focus:bg-black/55"""
"D:\projects\admin-dashboard\app\(admin)\inventory\components\fields\Textarea.tsx","16","text-slate-","<label htmlFor={textareaId} className=""mb-2 block text-sm text-slate-300"">"
"D:\projects\admin-dashboard\app\(admin)\inventory\components\fields\Textarea.tsx","28","text-white","className=""w-full resize-none rounded-2xl border border-white/10 bg-black/45 px-4 py-3 text-white outline-none placeholder:text-slate-600 shadow-inner shadow-black/20 backdrop-blur-xl transition focus:border-white/30 focus:bg-black/55"""
"D:\projects\admin-dashboard\app\(admin)\inventory\components\fields\TextInput.tsx","24","text-slate-","<label htmlFor={inputId} className=""mb-2 block text-sm text-slate-300"">"
"D:\projects\admin-dashboard\app\(admin)\inventory\components\fields\TextInput.tsx","37","text-white","className=""w-full rounded-2xl border border-white/10 bg-black/45 px-4 py-3 text-white outline-none placeholder:text-slate-600 shadow-inner shadow-black/20 backdrop-blur-xl transition focus:border-white/30 focus:bg-black/55"""
"D:\projects\admin-dashboard\app\(admin)\inventory\components\InventoryBatchActions.tsx","25","text-white","className=""inline-flex items-center gap-2 rounded-2xl border border-white/10 bg-white/10 px-4 py-2 text-sm text-white shadow-lg shadow-black/20 backdrop-blur-xl transition hover:bg-white/15"""
"D:\projects\admin-dashboard\app\(admin)\inventory\components\InventoryBatchActions.tsx","35","shadow-black","className=""rounded-2xl border border-yellow-500/20 bg-yellow-500/10 px-4 py-2 text-sm text-yellow-200 shadow-lg shadow-black/20 backdrop-blur-xl transition hover:bg-yellow-500/20 disabled:cursor-not-allowed disabled:opacity-40"""
"D:\projects\admin-dashboard\app\(admin)\inventory\components\InventoryBatchActions.tsx","44","shadow-black","className=""rounded-2xl border border-red-500/20 bg-red-500/10 px-4 py-2 text-sm text-red-300 shadow-lg shadow-black/20 backdrop-blur-xl transition hover:bg-red-500/20 disabled:cursor-not-allowed disabled:opacity-40"""
"D:\projects\admin-dashboard\app\(admin)\inventory\components\InventoryBatchActions.tsx","49","bg-black","<span className=""rounded-2xl border border-white/10 bg-black/40 px-4 py-2 text-sm ${typography.bodyMuted} shadow-inner shadow-black/20 backdrop-blur-xl"">"
"D:\projects\admin-dashboard\app\(admin)\inventory\components\InventoryEmptyState.tsx","9","bg-black","<div className=""rounded-2xl border border-white/10 bg-black/30 p-8 text-center shadow-inner shadow-black/20"">"
"D:\projects\admin-dashboard\app\(admin)\inventory\components\InventoryEmptyState.tsx","10","bg-white","<div className=""mx-auto mb-3 flex h-12 w-12 items-center justify-center rounded-2xl bg-white/10"">"
"D:\projects\admin-dashboard\app\(admin)\inventory\components\InventoryEmptyState.tsx","11","text-slate-","<ClipboardList className=""h-6 w-6 text-slate-300"" />"
"D:\projects\admin-dashboard\app\(admin)\inventory\components\InventoryHeader.tsx","19","bg-white","<section className=""rounded-[2rem] border border-white/10 bg-white/[0.07] p-6 shadow-2xl shadow-black/30 backdrop-blur-2xl"">"
"D:\projects\admin-dashboard\app\(admin)\inventory\components\InventoryHeader.tsx","22","bg-white","<div className=""rounded-2xl border border-white/10 bg-white/10 p-3 shadow-inner shadow-white/5"">"
"D:\projects\admin-dashboard\app\(admin)\inventory\components\InventoryHeader.tsx","46","text-white","className=""inline-flex items-center gap-2 rounded-2xl border border-white/10 bg-white/10 px-4 py-3 text-sm font-semibold text-white shadow-lg shadow-black/20 backdrop-blur-xl transition hover:bg-white/15"""
"D:\projects\admin-dashboard\app\(admin)\inventory\components\InventoryHeader.tsx","55","text-white","className=""inline-flex items-center gap-2 rounded-2xl border border-white/10 bg-white/10 px-4 py-3 text-sm font-semibold text-white shadow-lg shadow-black/20 backdrop-blur-xl transition hover:bg-white/15"""
"D:\projects\admin-dashboard\app\(admin)\inventory\components\InventoryLoadingState.tsx","7","bg-black","<div className=""space-y-3 rounded-2xl border border-white/10 bg-black/30 p-4"">"
"D:\projects\admin-dashboard\app\(admin)\inventory\components\InventoryLoadingState.tsx","8","text-slate-","<div className=""flex items-center gap-2 text-sm text-slate-300"">"
"D:\projects\admin-dashboard\app\(admin)\inventory\components\InventoryLoadingState.tsx","14","bg-white","<div className=""h-20 animate-pulse rounded-2xl bg-white/5"" />"
"D:\projects\admin-dashboard\app\(admin)\inventory\components\InventoryLoadingState.tsx","15","bg-white","<div className=""h-20 animate-pulse rounded-2xl bg-white/5"" />"
"D:\projects\admin-dashboard\app\(admin)\inventory\components\InventoryLoadingState.tsx","16","bg-white","<div className=""h-20 animate-pulse rounded-2xl bg-white/5"" />"
"D:\projects\admin-dashboard\app\(admin)\inventory\components\InventoryPills.tsx","7","text-slate-","<span className=""inline-flex rounded-full border border-white/10 bg-white/10 px-3 py-1 text-xs capitalize text-slate-200 shadow-sm backdrop-blur-xl"">"
"D:\projects\admin-dashboard\app\(admin)\inventory\components\InventoryStats.tsx","50","shadow-black","className={`rounded-[1.5rem] border p-5 shadow-2xl shadow-black/20 backdrop-blur-xl ${"
"D:\projects\admin-dashboard\app\(admin)\inventory\components\InventoryStats.tsx","53","bg-white",": ""border-white/10 bg-white/[0.07]"""
"D:\projects\admin-dashboard\app\(admin)\inventory\components\InventoryStats.tsx","57","bg-white","<div className=""rounded-2xl bg-white/10 p-3 shadow-inner shadow-white/5"">"
"D:\projects\admin-dashboard\app\(admin)\inventory\components\InventoryStats.tsx","61","text-slate-","<Boxes className=""h-5 w-5 text-slate-100"" />"
"D:\projects\admin-dashboard\app\(admin)\inventory\components\InventoryStats.tsx","67","text-white","<p className=""text-2xl font-bold text-white"">"
"D:\projects\admin-dashboard\app\(admin)\inventory\components\InventoryTable.tsx","30","border-white","<div className=""overflow-x-auto rounded-2xl border border-white/10"">"
"D:\projects\admin-dashboard\app\(admin)\inventory\components\InventoryTable.tsx","32","bg-white","<thead className=""bg-white/5 ${typography.bodyMuted} backdrop-blur-xl"">"
"D:\projects\admin-dashboard\app\(admin)\inventory\components\InventoryTableRow.tsx","62","bg-white","<tr className=""border-t border-white/10 align-top hover:bg-white/[0.04]"">"
"D:\projects\admin-dashboard\app\(admin)\orders\components\ImportPanel.tsx","94","text-white","className=""mt-2 w-full min-w-[230px] rounded-2xl border border-white/10 bg-black/45 px-4 py-3 text-sm text-white outline-none"""
"D:\projects\admin-dashboard\app\(admin)\orders\components\OrderModal.tsx","47","bg-black","className=""fixed inset-0 z-50 flex items-center justify-center bg-black/70 px-4 py-6 backdrop-blur-xl"""
"D:\projects\admin-dashboard\app\(admin)\orders\components\OrdersHeader.tsx","30","text-white","<h1 className=""mt-3 text-3xl font-bold tracking-tight text-white"">"
"D:\projects\admin-dashboard\app\(admin)\orders\components\OrdersHeader.tsx","34","text-zinc-","<p className=""mt-1 max-w-3xl text-sm text-zinc-400"">"
"D:\projects\admin-dashboard\app\(admin)\orders\components\OrdersHeader.tsx","49","text-zinc-","className=""pointer-events-none absolute left-3 top-1/2 h-4 w-4 -translate-y-1/2 text-zinc-500"""
"D:\projects\admin-dashboard\app\(admin)\orders\components\OrdersTabs.tsx","29","shadow-black","className={`rounded-2xl border px-4 py-2 text-sm font-semibold shadow-inner shadow-black/20 backdrop-blur-xl transition ${"
"D:\projects\admin-dashboard\app\(admin)\orders\components\OrdersTabs.tsx","32","text-zinc-",": ""border-white/10 bg-white/[0.05] text-zinc-300 hover:bg-white/[0.09]"""
"D:\projects\admin-dashboard\app\(admin)\orders\components\SmartCommandStrip.tsx","34","text-white","<h2 className=""inline-flex items-center gap-2 text-lg font-semibold text-white"">"
"D:\projects\admin-dashboard\app\(admin)\orders\components\SmartCommandStrip.tsx","39","text-zinc-","<p className=""mt-1 text-sm text-zinc-400"">"
"D:\projects\admin-dashboard\app\(admin)\orders\components\SmartCommandStrip.tsx","92","shadow-black","className={`rounded-2xl border px-4 py-3 text-left shadow-inner shadow-black/20 backdrop-blur-xl transition ${"
"D:\projects\admin-dashboard\app\(admin)\orders\components\SmartCommandStrip.tsx","95","bg-white",": ""border-white/10 bg-white/[0.04] hover:bg-white/[0.08]"""
"D:\projects\admin-dashboard\app\(admin)\orders\components\SmartCommandStrip.tsx","99","text-white","<div className=""mt-1 text-2xl font-bold text-white"">"
"D:\projects\admin-dashboard\app\(admin)\orders\components\SmartFiltersPanel.tsx","35","text-white","<h2 className=""inline-flex items-center gap-2 text-lg font-semibold text-white"">"
"D:\projects\admin-dashboard\app\(admin)\orders\components\SmartFiltersPanel.tsx","36","text-zinc-","<Filter className=""h-5 w-5 text-zinc-300"" aria-hidden={true} />"
"D:\projects\admin-dashboard\app\(admin)\orders\components\SmartFiltersPanel.tsx","40","text-zinc-","<p className=""mt-1 text-sm text-zinc-400"">"
"D:\projects\admin-dashboard\app\(admin)\orders\components\SmartFiltersPanel.tsx","181","shadow-black","className={`rounded-2xl border px-4 py-2 text-sm font-semibold shadow-inner shadow-black/20 backdrop-blur-xl transition ${"
"D:\projects\admin-dashboard\app\(admin)\orders\components\SmartFiltersPanel.tsx","184","text-zinc-",": ""border-white/10 bg-white/[0.05] text-zinc-300 hover:bg-white/[0.09]"""
"D:\projects\admin-dashboard\app\(admin)\orders\components\SmartReviewBadges.tsx","33","text-zinc-","<span className=""inline-flex rounded-full border border-white/10 bg-white/[0.06] px-2.5 py-1 text-xs font-semibold text-zinc-300"">"
"D:\projects\admin-dashboard\app\(admin)\orders\page.tsx","308","bg-black","<div className=""mt-4 flex items-center gap-2 rounded-2xl border border-white/10 bg-black/20 px-3 py-2 text-xs ${typography.bodyMuted}"">"
"D:\projects\admin-dashboard\app\(admin)\orders\page.tsx","408","text-slate-","className=""inline-flex items-center justify-center gap-2 rounded-2xl bg-cyan-300 px-5 py-3 text-sm font-bold text-slate-950 shadow-lg shadow-cyan-500/20 transition hover:bg-cyan-200 disabled:cursor-not-allowed disabled:opacity-50"""
"D:\projects\admin-dashboard\app\(admin)\products\components\ProductBadges.tsx","39","text-slate-",": ""rounded-full border border-white/10 bg-white/[0.08] px-2 py-1 text-xs text-slate-300"""
"D:\projects\admin-dashboard\app\(admin)\products\components\ProductBadges.tsx","81","text-slate-","inactive: ""border-slate-300/20 bg-slate-300/10 text-slate-200"","
"D:\projects\admin-dashboard\app\(admin)\products\components\ProductCatalog.tsx","65","border-white","<tr className=""border-b border-white/10"">"
"D:\projects\admin-dashboard\app\(admin)\products\components\ProductHero.tsx","23","bg-white","<section className=""min-w-0 overflow-hidden rounded-[32px] border border-white/10 bg-white/[0.07] p-5 shadow-[0_20px_80px_rgba(0,0,0,0.45)] backdrop-blur-3xl sm:p-6"">"
"D:\projects\admin-dashboard\app\(admin)\products\components\ProductHero.tsx","26","bg-white","<div className=""shrink-0 rounded-3xl border border-white/10 bg-white/[0.08] p-4 shadow-inner shadow-white/5"">"
"D:\projects\admin-dashboard\app\(admin)\products\components\ProductHero.tsx","31","text-white","<h1 className=""truncate text-3xl font-bold tracking-tight text-white"">"
"D:\projects\admin-dashboard\app\(admin)\products\components\ProductHero.tsx","49","bg-white","className=""inline-flex min-h-11 items-center justify-center gap-2 rounded-2xl border border-white/10 bg-white/[0.08] px-5 py-3 text-sm ${typography.cardTitle} shadow-lg shadow-black/20 transition hover:bg-white/[0.14] focus:outline-none focus:ring-2 focus:ring-cyan-300/40 disabled:cursor-not-allowed disabled:opacity-50"""
"D:\projects\admin-dashboard\app\(admin)\products\components\ProductHero.tsx","65","shadow-black","className=""inline-flex min-h-11 items-center justify-center gap-2 rounded-2xl border border-red-400/20 bg-red-400/10 px-5 py-3 text-sm font-semibold text-red-200 shadow-lg shadow-black/20 transition hover:bg-red-400/20 focus:outline-none focus:ring-2 focus:ring-red-300/30 disabled:cursor-not-allowed disabled:opacity-50"""
"D:\projects\admin-dashboard\app\(admin)\products\components\ProductMobileCard.tsx","36","bg-white","<article className=""min-w-0 overflow-hidden rounded-3xl border border-white/10 bg-white/[0.06] p-4 shadow-2xl shadow-black/30 backdrop-blur-2xl"">"
"D:\projects\admin-dashboard\app\(admin)\products\components\ProductMobileCard.tsx","51","text-white","<div className=""min-w-0 break-words text-sm font-semibold leading-5 text-white"">"
"D:\projects\admin-dashboard\app\(admin)\products\components\ProductMobileCard.tsx","59","text-slate-","<div className=""mt-3 grid min-w-0 gap-2 text-xs text-slate-300"">"
"D:\projects\admin-dashboard\app\(admin)\products\components\ProductMobileCard.tsx","78","text-slate-","className=""inline-flex min-h-10 min-w-0 items-center justify-center gap-2 rounded-xl border border-white/10 bg-white/[0.08] px-3 py-2 text-sm font-medium text-slate-100 transition hover:bg-white/[0.14] focus:outline-none focus:ring-2 focus:ring-sky-300/30"""
"D:\projects\admin-dashboard\app\(admin)\products\components\ProductMobileCard.tsx","115","text-slate-","<span className=""min-w-0 break-words text-right text-slate-300"">"
"D:\projects\admin-dashboard\app\(admin)\products\components\ProductStatsGrid.tsx","78","bg-white","<div className=""min-w-0 overflow-hidden rounded-3xl border border-white/10 bg-white/[0.07] p-5 shadow-2xl shadow-black/25 backdrop-blur-2xl"">"
"D:\projects\admin-dashboard\app\(admin)\products\components\ProductStatsGrid.tsx","80","bg-white","<div className=""shrink-0 rounded-2xl border border-white/10 bg-white/[0.08] p-3 shadow-inner shadow-white/5"">"
"D:\projects\admin-dashboard\app\(admin)\products\components\ProductStatsGrid.tsx","86","text-white","<p className=""truncate text-2xl font-bold text-white"">"
"D:\projects\admin-dashboard\app\(admin)\products\components\ProductTableRow.tsx","36","bg-white","<tr className=""align-top transition hover:bg-white/[0.04]"">"
"D:\projects\admin-dashboard\app\(admin)\products\components\ProductTableRow.tsx","54","text-white","<div className=""line-clamp-2 break-words font-semibold leading-5 text-white"">"
"D:\projects\admin-dashboard\app\(admin)\products\components\ProductTableRow.tsx","90","text-slate-","className=""inline-flex h-9 w-9 items-center justify-center rounded-xl border border-white/10 bg-white/[0.08] text-slate-200 transition hover:bg-white/[0.14] focus:outline-none focus:ring-2 focus:ring-sky-300/30"""
"D:\projects\admin-dashboard\app\(admin)\products\components\ProductTableRow.tsx","123","text-slate-","<td className=""px-4 py-3 text-slate-300"">"
"D:\projects\admin-dashboard\app\(admin)\products\components\ProductThumb.tsx","16","bg-white","<div className=""flex h-12 w-12 shrink-0 items-center justify-center rounded-2xl border border-white/10 bg-white/[0.06] ${typography.caption} shadow-inner shadow-black/20"">"
"D:\projects\admin-dashboard\app\(admin)\products\components\ProductThumb.tsx","31","border-white","className=""h-12 w-12 shrink-0 rounded-2xl border border-white/10 object-cover shadow-lg shadow-black/30"""
"D:\projects\admin-dashboard\app\(admin)\products\page.tsx","576","text-white","className={`absolute right-3 top-3.5 transition ${typography.smallMuted} hover:text-white`}"
"D:\projects\admin-dashboard\app\(admin)\rentals\components\fields\SelectField.tsx","43","text-white","className=""mt-2 h-11 w-full min-w-0 rounded-2xl border border-white/10 bg-black/30 px-4 text-sm text-white outline-none transition focus:border-cyan-300/60 focus:bg-black/40 focus:ring-4 focus:ring-cyan-400/10"""
"D:\projects\admin-dashboard\app\(admin)\rentals\components\fields\Textarea.tsx","42","text-white","className=""mt-2 w-full min-w-0 resize-y rounded-2xl border border-white/10 bg-black/30 px-4 py-3 text-sm text-white outline-none transition placeholder:text-slate-600 focus:border-cyan-300/60 focus:bg-black/40 focus:ring-4 focus:ring-cyan-400/10"""
"D:\projects\admin-dashboard\app\(admin)\rentals\components\fields\TextInput.tsx","47","text-white","className=""mt-2 h-11 w-full min-w-0 rounded-2xl border border-white/10 bg-black/30 px-4 text-sm text-white outline-none transition placeholder:text-slate-600 focus:border-cyan-300/60 focus:bg-black/40 focus:ring-4 focus:ring-cyan-400/10"""
"D:\projects\admin-dashboard\app\(admin)\rentals\components\shared\EmptyState.tsx","18","bg-black","<div className=""flex min-h-[280px] min-w-0 flex-col items-center justify-center overflow-hidden rounded-3xl border border-dashed border-white/10 bg-black/20 px-6 py-12 text-center backdrop-blur-xl"">"
"D:\projects\admin-dashboard\app\(admin)\rentals\components\shared\EmptyState.tsx","19","bg-white","<div className=""flex h-14 w-14 shrink-0 items-center justify-center rounded-2xl border border-white/10 bg-white/[0.06] shadow-inner shadow-white/5"">"
"D:\projects\admin-dashboard\app\(admin)\rentals\components\shared\EmptyState.tsx","26","text-white","<h3 className=""mt-4 max-w-full break-words text-base font-semibold text-white"">"
"D:\projects\admin-dashboard\app\(admin)\rentals\components\shared\GlassCard.tsx","17","bg-white","""min-w-0 overflow-hidden rounded-3xl border border-white/10 bg-white/[0.055] p-5 shadow-2xl shadow-black/30 backdrop-blur-2xl"","
"D:\projects\admin-dashboard\app\(admin)\rentals\components\shared\GlassCard.tsx","18","bg-white","""supports-[backdrop-filter]:bg-white/[0.045]"","
"D:\projects\admin-dashboard\app\(admin)\rentals\components\shared\SectionHeader.tsx","25","text-white","<h2 className=""mt-1 break-words text-xl font-semibold tracking-tight text-white"">"
"D:\projects\admin-dashboard\app\(admin)\rentals\components\RentalActions.tsx","57","text-slate-","className=""inline-flex h-9 items-center justify-center gap-2 rounded-xl border border-white/10 bg-white/[0.05] px-3 text-xs font-semibold text-slate-200 transition hover:bg-white/[0.09] focus:outline-none focus:ring-2 focus:ring-cyan-300/30 disabled:cursor-not-allowed disabled:opacity-50"""
"D:\projects\admin-dashboard\app\(admin)\rentals\components\RentalForm.tsx","79","text-white","className=""mt-2 h-11 w-full rounded-2xl border border-white/10 bg-black/30 px-4 text-sm text-white outline-none transition focus:border-cyan-300/60 focus:bg-black/40 focus:ring-4 focus:ring-cyan-400/10"""
"D:\projects\admin-dashboard\app\(admin)\rentals\components\RentalForm.tsx","214","text-slate-","className=""inline-flex h-11 items-center justify-center gap-2 rounded-2xl border border-white/10 bg-white/[0.04] px-5 text-sm font-semibold text-slate-200 transition hover:bg-white/[0.08]"""
"D:\projects\admin-dashboard\app\(admin)\rentals\components\RentalForm.tsx","225","text-slate-","className=""inline-flex h-11 items-center justify-center gap-2 rounded-2xl bg-cyan-300 px-5 text-sm font-bold text-slate-950 shadow-lg shadow-cyan-950/30 transition hover:bg-cyan-200 disabled:cursor-not-allowed disabled:opacity-60"""
"D:\projects\admin-dashboard\app\(admin)\rentals\components\RentalMobileCard.tsx","24","bg-black","<article className=""min-w-0 overflow-hidden rounded-3xl border border-white/10 bg-black/25 p-4 shadow-xl shadow-black/20 backdrop-blur-xl"">"
"D:\projects\admin-dashboard\app\(admin)\rentals\components\RentalMobileCard.tsx","27","text-white","<h3 className=""break-words font-semibold leading-5 text-white"">"
"D:\projects\admin-dashboard\app\(admin)\rentals\components\RentalMobileCard.tsx","76","text-slate-","<p className=""mt-4 min-w-0 break-words rounded-2xl border border-white/10 bg-white/[0.04] p-3 text-sm leading-6 text-slate-300"">"
"D:\projects\admin-dashboard\app\(admin)\rentals\components\RentalMobileCard.tsx","113","text-white","strong ? ""font-semibold text-white"" : ""text-slate-200"","
"D:\projects\admin-dashboard\app\(admin)\rentals\components\RentalsHeader.tsx","15","text-white","<h1 className=""mt-4 break-words text-3xl font-bold tracking-tight text-white md:text-4xl"">"
"D:\projects\admin-dashboard\app\(admin)\rentals\components\RentalsHeader.tsx","27","bg-black","<div className=""flex min-w-0 shrink-0 items-center gap-4 rounded-3xl border border-white/10 bg-black/25 p-4 backdrop-blur-xl lg:min-w-64"">"
"D:\projects\admin-dashboard\app\(admin)\rentals\components\RentalsHeader.tsx","37","text-white","<p className=""mt-1 break-words text-sm font-semibold text-white"">"
"D:\projects\admin-dashboard\app\(admin)\rentals\components\RentalTableRow.tsx","26","bg-white","<tr className=""transition hover:bg-white/[0.035]"">"
"D:\projects\admin-dashboard\app\(admin)\rentals\components\StatCard.tsx","31","text-white","<p className=""mt-2 break-words text-2xl font-bold tracking-tight text-white"">"
"D:\projects\admin-dashboard\app\(admin)\rentals\components\StatCard.tsx","40","bg-white","<div className=""flex h-11 w-11 shrink-0 items-center justify-center rounded-2xl border border-white/10 bg-white/[0.06] text-cyan-200 shadow-inner shadow-white/5"">"
"D:\projects\admin-dashboard\app\(admin)\rentals\page.tsx","99","text-slate-","<div className=""inline-flex items-center gap-2 rounded-full border border-white/10 bg-white/10 px-3 py-1 text-xs font-semibold uppercase tracking-[0.18em] text-slate-200 shadow-sm backdrop-blur-xl"">"
"D:\projects\admin-dashboard\app\(admin)\rentals\page.tsx","122","bg-white","<div className=""flex h-12 w-12 items-center justify-center rounded-2xl border border-white/10 bg-white/10 text-cyan-200 shadow-lg shadow-cyan-500/10 backdrop-blur-xl"">"
"D:\projects\admin-dashboard\app\(admin)\rentals\page.tsx","132","text-slate-","<span className=""inline-flex items-center gap-2 rounded-full border border-white/10 bg-white/10 px-3 py-1 text-xs font-semibold uppercase tracking-[0.18em] text-slate-200 shadow-sm backdrop-blur-xl"">"
"D:\projects\admin-dashboard\app\(admin)\reports\analytics\components\AnalyticsFilterCard.tsx","53","bg-black","""w-full min-w-0 cursor-pointer rounded-2xl border border-white/10 bg-black/40 px-4 py-3"","
"D:\projects\admin-dashboard\app\(admin)\reports\analytics\components\AnalyticsFilterCard.tsx","54","text-white","""text-sm font-medium text-white outline-none transition placeholder:${typography.caption}"","
"D:\projects\admin-dashboard\app\(admin)\reports\analytics\components\AnalyticsHealthBanner.tsx","20","text-slate-","return ""border-white/10 bg-white/[0.055] text-slate-300"";"
"D:\projects\admin-dashboard\app\(admin)\reports\analytics\components\AnalyticsHero.tsx","40","bg-white","className=""shrink-0 rounded-2xl border border-white/10 bg-white/10 p-3"""
"D:\projects\admin-dashboard\app\(admin)\reports\analytics\components\AnalyticsHero.tsx","70","text-slate-","<span className=""break-words text-slate-300"">"
"D:\projects\admin-dashboard\app\(admin)\reports\analytics\components\AnalyticsHero.tsx","79","text-slate-","<span className=""break-all text-slate-300"">"
"D:\projects\admin-dashboard\app\(admin)\reports\analytics\components\AnalyticsSourceCard.tsx","32","bg-white","className=""shrink-0 rounded-2xl border border-white/10 bg-white/10 p-3 text-cyan-200"""
"D:\projects\admin-dashboard\app\(admin)\reports\analytics\components\AnalyticsSourceCard.tsx","79","bg-black","<div className=""mt-5 rounded-2xl border border-white/10 bg-black/30 p-4"">"
"D:\projects\admin-dashboard\app\(admin)\reports\analytics\components\AnalyticsSourceCard.tsx","100","border-white","<div className=""flex min-w-0 items-start justify-between gap-4 border-b border-white/10 pb-3 last:border-b-0 last:pb-0"">"
"D:\projects\admin-dashboard\app\(admin)\reports\analytics\components\AnalyticsSourceCard.tsx","113","text-slate-","""min-w-0 flex-1 break-words text-right text-slate-200"","
"D:\projects\admin-dashboard\app\(admin)\reports\analytics\components\AnalyticsStatGrid.tsx","79","bg-white","className=""shrink-0 rounded-2xl border border-white/10 bg-white/10 p-3 text-cyan-200"""
"D:\projects\admin-dashboard\app\(admin)\reports\analytics\components\AnalyticsStatGrid.tsx","98","bg-white","className=""inline-block h-7 w-24 animate-pulse rounded-lg bg-white/10 align-middle"""
"D:\projects\admin-dashboard\app\(admin)\reports\components\ReportSectionGrid.tsx","30","bg-white","""hover:-translate-y-0.5 hover:border-white/20 hover:bg-white/[0.08]"","
"D:\projects\admin-dashboard\app\(admin)\reports\components\ReportSectionGrid.tsx","38","bg-white","""shrink-0 rounded-2xl border border-white/10 bg-white/10 p-3 transition"","
"D:\projects\admin-dashboard\app\(admin)\reports\components\ReportSectionGrid.tsx","39","bg-white","""group-hover:bg-white/15"","
"D:\projects\admin-dashboard\app\(admin)\reports\components\ReportSectionGrid.tsx","62","text-white","""group-hover:text-white"","
"D:\projects\admin-dashboard\app\(admin)\reports\components\UploadRuleCard.tsx","14","text-slate-","className=""shrink-0 rounded-2xl border border-white/10 bg-white/10 p-3 text-slate-300"""
"D:\projects\admin-dashboard\app\(admin)\reports\delivery\page.tsx","51","text-slate-","<div className=""inline-flex max-w-full items-center gap-2 rounded-full border border-white/10 bg-white/10 px-3 py-1 text-xs font-semibold uppercase tracking-[0.18em] text-slate-200 shadow-sm backdrop-blur-xl"">"
"D:\projects\admin-dashboard\app\(admin)\reports\delivery\page.tsx","89","bg-white","<div className=""flex h-12 w-12 shrink-0 items-center justify-center rounded-2xl border border-white/10 bg-white/10 text-cyan-200 shadow-lg shadow-cyan-500/10 backdrop-blur-xl"">"
"D:\projects\admin-dashboard\app\(admin)\reports\delivery\page.tsx","108","bg-white","<div className=""flex h-12 w-12 shrink-0 items-center justify-center rounded-2xl border border-white/10 bg-white/10 text-cyan-200 shadow-lg shadow-cyan-500/10 backdrop-blur-xl"">"
"D:\projects\admin-dashboard\app\(admin)\reports\hospice\components\HospiceEmptyState.tsx","7","bg-black","<div className=""min-w-0 overflow-hidden rounded-3xl border border-dashed border-white/10 bg-black/30 p-8 text-center"">"
"D:\projects\admin-dashboard\app\(admin)\reports\hospice\components\HospiceEmptyState.tsx","10","text-slate-","className=""mx-auto h-8 w-8 text-slate-600"""
"D:\projects\admin-dashboard\app\(admin)\reports\hospice\components\HospiceFilters.tsx","38","text-slate-","""w-full rounded-2xl border border-white/10 bg-black/20 px-4 py-3 text-sm text-slate-100 outline-none backdrop-blur-xl transition placeholder:${typography.caption} focus:border-cyan-300/40 focus:ring-2 focus:ring-cyan-300/20"";"
"D:\projects\admin-dashboard\app\(admin)\reports\hospice\components\HospiceHero.tsx","19","text-slate-","<div className=""inline-flex max-w-full items-center gap-2 rounded-full border border-white/10 bg-white/10 px-3 py-1 text-xs font-semibold uppercase tracking-[0.18em] text-slate-200 shadow-sm backdrop-blur-xl"">"
"D:\projects\admin-dashboard\app\(admin)\reports\hospice\components\HospicePatientCard.tsx","112","border-white","<footer className={`mt-4 flex min-w-0 flex-wrap justify-between gap-2 border-t border-white/10 pt-3 ${typography.caption}`}>"
"D:\projects\admin-dashboard\app\(admin)\reports\hospice\components\HospiceStatsGrid.tsx","99","text-white","className={`${typography.metric} mt-2 break-words text-white`}"
"D:\projects\admin-dashboard\app\(admin)\reports\hospice\components\HospiceSystemStats.tsx","55","text-white","className={`${typography.metricCompact} mt-1 break-words text-white`}"
"D:\projects\admin-dashboard\app\(admin)\reports\hospice\hospice-utils.ts","520","text-slate-","return ""border-white/10 bg-white/5 text-slate-300"";"
"D:\projects\admin-dashboard\app\(admin)\reports\hospice\page.tsx","109","bg-white","<div className={`${typography.bodyMuted} rounded-2xl border border-white/10 bg-white/[0.04] p-5`}>"
"D:\projects\admin-dashboard\app\(admin)\reports\insurance\page.tsx","161","text-white","<h2 className=""mt-4 text-sm font-semibold text-white"">"
"D:\projects\admin-dashboard\app\(admin)\reports\patients\components\PatientList.tsx","102","text-white","className=""w-full bg-transparent text-sm text-white outline-none placeholder:text-slate-600"""
"D:\projects\admin-dashboard\app\(admin)\reports\patients\[patientId]\components\PatientDetailHeader.tsx","41","border-white","<header className=""rounded-[2rem] border border-white/10 bg-gradient-to-br from-white/[0.12] via-white/[0.055] to-black/40 p-6 shadow-2xl shadow-black/30 backdrop-blur-2xl"">"
"D:\projects\admin-dashboard\app\(admin)\reports\patients\[patientId]\components\PatientDetailHeader.tsx","44","text-white","className=""mb-5 inline-flex items-center gap-2 text-sm text-zinc-400 transition hover:text-white"""
"D:\projects\admin-dashboard\app\(admin)\reports\patients\[patientId]\components\PatientDetailHeader.tsx","52","text-zinc-","<div className=""mb-2 inline-flex items-center gap-2 rounded-full border border-white/10 bg-white/10 px-3 py-1 text-xs text-zinc-300"">"
"D:\projects\admin-dashboard\app\(admin)\reports\patients\[patientId]\components\PatientDetailHeader.tsx","58","text-white","<h1 className=""text-3xl font-bold tracking-tight text-white"">"
"D:\projects\admin-dashboard\app\(admin)\reports\patients\[patientId]\components\PatientDetailHeader.tsx","71","text-zinc-","<p className=""mt-2 text-sm text-zinc-400"">"
"D:\projects\admin-dashboard\app\(admin)\reports\patients\[patientId]\components\PatientDetailHeader.tsx","77","text-zinc-","<p className=""mt-4 max-w-4xl rounded-3xl border border-white/10 bg-black/25 p-4 text-sm leading-6 text-zinc-300 backdrop-blur-xl"">"
"D:\projects\admin-dashboard\app\(admin)\reports\patients\[patientId]\components\PatientNotesSection.tsx","16","text-zinc-","<label htmlFor={id} className=""mb-2 block text-sm text-zinc-400"">"
"D:\projects\admin-dashboard\app\(admin)\reports\patients\[patientId]\components\PatientNotesSection.tsx","26","text-white","className=""w-full resize-y rounded-3xl border border-white/10 bg-black/30 p-4 text-sm text-white outline-none backdrop-blur-xl focus:border-cyan-400/30"""
"D:\projects\admin-dashboard\app\(admin)\reports\patients\[patientId]\components\PatientReportSources.tsx","9","bg-white","<section className=""rounded-3xl border border-white/10 bg-white/[0.055] p-6 shadow-xl shadow-black/20 backdrop-blur-2xl"">"
"D:\projects\admin-dashboard\app\(admin)\reports\patients\[patientId]\components\PatientReportSources.tsx","11","text-zinc-","<FileText className=""h-5 w-5 text-zinc-300"" />"
"D:\projects\admin-dashboard\app\(admin)\reports\patients\[patientId]\components\PatientReportSources.tsx","20","text-zinc-","className=""rounded-full border border-white/10 bg-black/20 px-3 py-1 text-xs text-zinc-300"""
"D:\projects\admin-dashboard\app\(admin)\reports\patients\[patientId]\components\PatientReportSources.tsx","26","text-zinc-","<span className=""text-sm text-zinc-500"">"
"D:\projects\admin-dashboard\app\(admin)\reports\patients\[patientId]\page.tsx","370","text-white","className=""mb-4 inline-flex items-center gap-2 text-sm text-zinc-400 transition hover:text-white"""
"D:\projects\admin-dashboard\app\(admin)\reports\patients\[patientId]\page.tsx","376","text-zinc-","<p className=""text-zinc-400"">Patient record not found.</p>"
"D:\projects\admin-dashboard\app\(admin)\reports\patients\[patientId]\page.tsx","394","text-zinc-","<div className=""flex items-start justify-between gap-3 rounded-3xl border border-white/10 bg-white/[0.075] p-4 text-sm text-zinc-200 shadow-xl shadow-black/20 backdrop-blur-2xl"">"
"D:\projects\admin-dashboard\app\(admin)\reports\patients\[patientId]\page.tsx","400","text-white","className=""rounded-xl p-1 text-zinc-400 transition hover:bg-white/10 hover:text-white"""
"D:\projects\admin-dashboard\app\(admin)\reports\upload\components\BatchHealthPanel.tsx","88","bg-black",": ""border-white/10 bg-black/20 text-neutral-200"";"
"D:\projects\admin-dashboard\app\(admin)\reports\upload\components\MiniStat.tsx","12","bg-black","<div className=""flex items-center justify-between gap-3 rounded-2xl border border-white/10 bg-black/30 p-4"">"
"D:\projects\admin-dashboard\app\(admin)\reports\upload\components\StatCard.tsx","24","text-slate-","className=""rounded-xl border border-white/10 bg-white/[0.06] p-2 text-slate-300"""
"D:\projects\admin-dashboard\app\(admin)\reports\upload\components\StatCard.tsx","33","text-white","<p className=""mt-1 text-2xl font-bold text-white"">"
"D:\projects\admin-dashboard\app\(admin)\reports\upload\components\StatusBadge.tsx","22","bg-white",": ""border-white/10 bg-white/5 text-neutral-300"";"
"D:\projects\admin-dashboard\app\(admin)\reports\upload\components\UploadAccessGate.tsx","49","text-slate-","<Loader2 className=""mx-auto h-8 w-8 animate-spin text-slate-200"" />"
"D:\projects\admin-dashboard\app\(admin)\reports\upload\components\UploadDropzone.tsx","75","bg-white","className=""mt-6 rounded-3xl border border-dashed border-white/20 bg-white/[0.045] p-8 text-center transition hover:border-white/30 hover:bg-white/[0.06]"""
"D:\projects\admin-dashboard\app\(admin)\reports\upload\components\UploadHero.tsx","44","text-white","<p className=""mt-2 text-2xl font-black tracking-tight text-white"">"
"D:\projects\admin-dashboard\app\(admin)\reports\wip\components\WipAnalytics.tsx","47","bg-white","<div className=""h-2 overflow-hidden rounded-full bg-white/10"">"
"D:\projects\admin-dashboard\app\(admin)\reports\wip\components\WipAnalytics.tsx","49","bg-white","className=""h-full rounded-full bg-white/40"""
"D:\projects\admin-dashboard\app\(admin)\reports\wip\components\WipLoadingState.tsx","5","text-white","<main className=""min-h-screen bg-slate-950 px-4 py-6 text-white md:px-6 xl:px-8"">"
"D:\projects\admin-dashboard\app\(admin)\reports\wip\components\WipLoadingState.tsx","10","bg-white","className=""h-28 animate-pulse rounded-[2rem] border border-white/10 bg-white/[0.055]"""
"D:\projects\admin-dashboard\app\(admin)\reports\wip\components\WipStatusBadge.tsx","49","text-slate-","return ""border-slate-300/20 bg-slate-400/10 text-slate-300"";"
"D:\projects\admin-dashboard\app\(admin)\reports\wip\components\WipStatusBadge.tsx","62","text-slate-","return ""border-slate-300/20 bg-slate-400/10 text-slate-300"";"
"D:\projects\admin-dashboard\app\(admin)\reports\wip\page.tsx","41","bg-white","<div className=""h-4 w-40 animate-pulse rounded-full bg-white/10"" />"
"D:\projects\admin-dashboard\app\(admin)\reports\wip\page.tsx","42","bg-white","<div className=""mt-5 h-10 w-full max-w-xl animate-pulse rounded-2xl bg-white/10"" />"
"D:\projects\admin-dashboard\app\(admin)\reports\wip\page.tsx","43","bg-white","<div className=""mt-4 h-4 w-full max-w-2xl animate-pulse rounded-full bg-white/10"" />"
"D:\projects\admin-dashboard\app\(admin)\reports\wip\wip-constants.ts","16","text-slate-","unknown: ""border-slate-400/30 bg-slate-400/10 text-slate-200"","
"D:\projects\admin-dashboard\app\(admin)\settings\components\company\RecentActivityCard.tsx","19","bg-black","<div className=""mt-4 rounded-2xl border border-white/10 bg-black/20 p-3"">"
"D:\projects\admin-dashboard\app\(admin)\settings\components\company\RecentActivityCard.tsx","21","text-slate-","Activity logging should be wired to <span className=""text-slate-200"">auditLogs</span>{"" ""}"
"D:\projects\admin-dashboard\app\(admin)\settings\components\danger\ResetCard.tsx","96","bg-black","className=""mt-4 w-full rounded-2xl border border-red-300/20 bg-black/30 px-4 py-3 text-sm text-red-50 outline-none placeholder:text-red-200/30 focus:border-red-200/50"""
"D:\projects\admin-dashboard\app\(admin)\settings\components\shared\SectionHeader.tsx","25","text-white","<h2 className=""mt-1 text-xl font-semibold tracking-tight text-white"">"
"D:\projects\admin-dashboard\app\(admin)\settings\components\shared\StatusPill.tsx","8","text-slate-","neutral: ""border-white/10 bg-white/[0.06] text-slate-200"","
"D:\projects\admin-dashboard\app\(admin)\settings\components\shared\ToggleRow.tsx","17","bg-black","<div className=""flex items-start justify-between gap-4 rounded-2xl border border-white/10 bg-black/20 p-4"">"
"D:\projects\admin-dashboard\app\(admin)\settings\components\shared\ToggleRow.tsx","36","border-white",": ""border-white/10 bg-slate-800"","
"D:\projects\admin-dashboard\app\(admin)\settings\components\shared\ToggleRow.tsx","42","bg-white","""absolute top-0.5 h-5 w-5 rounded-full bg-white shadow transition"","
"D:\projects\admin-dashboard\app\(admin)\settings\components\users\UserCreateCard.tsx","68","text-white","className=""mt-2 h-11 w-full rounded-2xl border border-white/10 bg-black/30 px-4 text-sm text-white outline-none transition focus:border-cyan-300/60 focus:ring-4 focus:ring-cyan-400/10"""
"D:\projects\admin-dashboard\app\(admin)\settings\components\users\UserRow.tsx","27","bg-white","<tr className=""border-b border-white/10 transition hover:bg-white/[0.035]"">"
"D:\projects\admin-dashboard\app\(admin)\settings\components\users\UserRow.tsx","42","text-white","className=""h-10 rounded-2xl border border-white/10 bg-black/30 px-3 text-sm text-white outline-none transition focus:border-cyan-300/60 focus:ring-4 focus:ring-cyan-400/10"""
"D:\projects\admin-dashboard\app\(admin)\settings\components\users\UserRow.tsx","63","text-white","className=""h-10 rounded-2xl border border-white/10 bg-black/30 px-3 text-sm text-white outline-none transition focus:border-cyan-300/60 focus:ring-4 focus:ring-cyan-400/10"""
"D:\projects\admin-dashboard\app\(admin)\settings\components\users\UsersTable.tsx","20","bg-black","<div className=""rounded-3xl border border-dashed border-white/10 bg-black/20 px-6 py-12 text-center"">"
"D:\projects\admin-dashboard\app\(admin)\settings\components\users\UsersTable.tsx","31","border-white","<div className=""overflow-hidden rounded-3xl border border-white/10"">"
"D:\projects\admin-dashboard\app\(admin)\settings\components\users\UsersTable.tsx","33","bg-white","<thead className=""bg-white/[0.045] text-xs uppercase tracking-[0.16em] ${typography.caption}"">"
"D:\projects\admin-dashboard\app\(admin)\settings\components\MessageCard.tsx","27","shadow-black","""flex items-start gap-3 rounded-3xl border p-4 text-sm shadow-2xl shadow-black/20 backdrop-blur-xl"","
"D:\projects\admin-dashboard\app\(admin)\settings\components\PageHeader.tsx","19","text-white","<h1 className=""mt-2 text-3xl font-bold tracking-tight text-white"">"
"D:\projects\admin-dashboard\app\(admin)\settings\components\TabBar.tsx","33","text-slate-",": ""border border-transparent ${typography.bodyMuted} hover:bg-white/[0.06] hover:text-slate-100"","
"D:\projects\admin-dashboard\app\(admin)\settings\page.tsx","83","text-slate-","<div className={""inline-flex items-center gap-2 rounded-full border border-white/10 bg-white/10 px-3 py-1 text-xs font-semibold uppercase tracking-[0.18em] text-slate-200 shadow-sm backdrop-blur-xl""}>"
"D:\projects\admin-dashboard\app\(admin)\settings\page.tsx","107","text-white","className={""inline-flex items-center justify-center gap-2 rounded-2xl border border-white/10 bg-transparent px-4 py-2 text-sm font-semibold text-slate-300 transition hover:bg-white/10 hover:text-white disabled:cursor-not-allowed disabled:opacity-50""}"
"D:\projects\admin-dashboard\app\(admin)\settings\page.tsx","117","text-slate-","className={""inline-flex items-center justify-center gap-2 rounded-2xl bg-cyan-300 px-5 py-3 text-sm font-bold text-slate-950 shadow-lg shadow-cyan-500/20 transition hover:bg-cyan-200 disabled:cursor-not-allowed disabled:opacity-50""}"
"D:\projects\admin-dashboard\app\(admin)\settings\page.tsx","145","text-slate-","<div className=""flex items-center gap-3 text-sm text-slate-300"">"
"D:\projects\admin-dashboard\app\(admin)\users\components\CreateUserPanel.tsx","26","bg-white","<section className=""rounded-3xl border border-white/10 bg-white/[0.06] p-6 shadow-2xl shadow-black/30 backdrop-blur-2xl"">"
"D:\projects\admin-dashboard\app\(admin)\users\components\CreateUserPanel.tsx","29","text-white","<h2 className=""text-xl font-semibold text-white"">Create User</h2>"
"D:\projects\admin-dashboard\app\(admin)\users\components\CreateUserPanel.tsx","97","bg-white","className=""inline-flex items-center gap-2 rounded-2xl bg-white px-5 py-3 text-sm font-semibold text-black transition hover:bg-zinc-200 disabled:cursor-not-allowed disabled:opacity-60"""
"D:\projects\admin-dashboard\app\(admin)\users\components\CreateUserPanel.tsx","112","text-white","className=""rounded-2xl border border-white/10 px-5 py-3 text-sm font-medium text-white transition hover:bg-white/10"""
"D:\projects\admin-dashboard\app\(admin)\users\components\SelectInput.tsx","22","text-zinc-","<label htmlFor={selectId} className=""mb-2 block text-sm text-zinc-400"">"
"D:\projects\admin-dashboard\app\(admin)\users\components\SelectInput.tsx","32","text-white","className=""w-full rounded-2xl border border-white/10 bg-black/50 px-4 py-3 text-sm text-white outline-none transition focus:border-white/30 focus:bg-black/70"""
"D:\projects\admin-dashboard\app\(admin)\users\components\TextInput.tsx","26","text-zinc-","<label htmlFor={inputId} className=""mb-2 block text-sm text-zinc-400"">"
"D:\projects\admin-dashboard\app\(admin)\users\components\TextInput.tsx","39","text-white","className=""w-full rounded-2xl border border-white/10 bg-black/50 px-4 py-3 text-sm text-white outline-none placeholder:text-zinc-500 transition focus:border-white/30 focus:bg-black/70"""
"D:\projects\admin-dashboard\app\(admin)\users\components\UserRowCard.tsx","39","bg-white","<article className=""grid gap-4 px-5 py-5 transition hover:bg-white/[0.03] xl:grid-cols-[2fr_1fr_1fr_1.2fr]"">"
"D:\projects\admin-dashboard\app\(admin)\users\components\UserRowCard.tsx","42","text-white","<p className=""truncate text-base font-semibold text-white"">"
"D:\projects\admin-dashboard\app\(admin)\users\components\UserRowCard.tsx","108","text-white","className=""w-full rounded-2xl border border-white/10 bg-black/50 px-3 py-2 text-sm text-white outline-none transition focus:border-white/30 disabled:cursor-not-allowed disabled:opacity-60"""
"D:\projects\admin-dashboard\app\(admin)\users\components\UsersFilters.tsx","25","bg-white","<section className=""rounded-3xl border border-white/10 bg-white/[0.06] p-5 shadow-2xl shadow-black/30 backdrop-blur-2xl"">"
"D:\projects\admin-dashboard\app\(admin)\users\components\UsersFilters.tsx","28","text-zinc-","<label htmlFor=""user-search"" className=""mb-2 block text-sm text-zinc-400"">"
"D:\projects\admin-dashboard\app\(admin)\users\components\UsersFilters.tsx","32","bg-black","<div className=""flex items-center gap-2 rounded-2xl border border-white/10 bg-black/50 px-4 py-3"">"
"D:\projects\admin-dashboard\app\(admin)\users\components\UsersFilters.tsx","33","text-zinc-","<Search className=""h-4 w-4 text-zinc-500"" />"
"D:\projects\admin-dashboard\app\(admin)\users\components\UsersFilters.tsx","43","text-white","className=""w-full bg-transparent text-sm text-white outline-none placeholder:text-zinc-500"""
"D:\projects\admin-dashboard\app\(admin)\users\components\UsersHeader.tsx","15","bg-white","<section className=""rounded-3xl border border-white/10 bg-white/[0.06] p-6 shadow-2xl shadow-black/30 backdrop-blur-2xl"">"
"D:\projects\admin-dashboard\app\(admin)\users\components\UsersHeader.tsx","18","text-white","<h1 className=""flex items-center gap-3 text-3xl font-semibold tracking-tight text-white"">"
"D:\projects\admin-dashboard\app\(admin)\users\components\UsersHeader.tsx","23","text-zinc-","<p className=""mt-2 text-sm text-zinc-400"">"
"D:\projects\admin-dashboard\app\(admin)\users\components\UsersHeader.tsx","37","text-white","className=""inline-flex items-center justify-center gap-2 rounded-2xl border border-white/10 bg-white/10 px-4 py-3 text-sm font-medium text-white shadow-lg shadow-black/20 transition hover:bg-white/15"""
"D:\projects\admin-dashboard\app\(admin)\users\components\UsersStats.tsx","23","bg-white","<div className=""rounded-3xl border border-white/10 bg-white/[0.06] p-5 shadow-xl shadow-black/20 backdrop-blur-2xl"">"
"D:\projects\admin-dashboard\app\(admin)\users\components\UsersStats.tsx","24","text-zinc-","<p className=""text-xs uppercase tracking-wide text-zinc-400"">{label}</p>"
"D:\projects\admin-dashboard\app\(admin)\users\components\UsersStats.tsx","25","text-white","<p className=""mt-2 text-3xl font-semibold text-white"">"
"D:\projects\admin-dashboard\app\(admin)\layout.tsx","68","bg-white","className=""sr-only focus:not-sr-only focus:fixed focus:left-4 focus:top-4 focus:z-[100] focus:rounded-xl focus:bg-white focus:px-4 focus:py-2 focus:text-sm focus:font-semibold focus:text-black"""
"D:\projects\admin-dashboard\app\(admin)\layout.tsx","86","bg-white","className={`${glass.focus} inline-flex items-center gap-2 rounded-xl border ${colors.border} bg-white/5 px-3 py-2 text-sm font-medium ${colors.textPrimary} transition hover:bg-white/10 lg:hidden`}"
"D:\projects\admin-dashboard\app\(admin)\layout.tsx","108","bg-white","className={`${glass.focus} inline-flex items-center gap-2 rounded-xl border ${colors.borderStrong} bg-white/5 px-4 py-2 text-sm font-medium ${colors.textPrimary} transition hover:bg-white/10 disabled:cursor-not-allowed disabled:opacity-60`}"
"D:\projects\admin-dashboard\app\components\admin\AdminBreadcrumbs.tsx","21","text-white","className=""mt-0.5 flex items-center gap-1 text-xs text-white/50"""
"D:\projects\admin-dashboard\app\components\admin\AdminBreadcrumbs.tsx","25","text-white","className=""inline-flex items-center gap-1 transition hover:text-white"""
"D:\projects\admin-dashboard\app\components\admin\AdminBreadcrumbs.tsx","39","text-white","<Link href={href} className=""transition hover:text-white"">"
"D:\projects\admin-dashboard\app\components\admin\AdminCommandPalette.tsx","64","bg-black","<div className={`bg-black/60 fixed inset-0 z-[200] px-4 py-20 backdrop-blur-sm`}>"
"D:\projects\admin-dashboard\app\components\admin\AdminCommandPalette.tsx","99","bg-white","className={`block rounded-2xl px-4 py-3 ${typography.body} transition hover:bg-white/10`}"
"D:\projects\admin-dashboard\app\components\admin\AdminPageHeader.tsx","18","bg-white","<header className=""relative mb-6 overflow-hidden rounded-[2rem] border border-white/10 bg-white/[0.035] p-5 shadow-[0_20px_70px_rgba(0,0,0,0.35),0_0_38px_rgba(34,211,238,0.07)] backdrop-blur-xl sm:p-6"">"
"D:\projects\admin-dashboard\app\components\admin\AdminShell.tsx","47","text-white","<div className=""min-h-screen bg-[#07090d] text-white antialiased"">"
"D:\projects\admin-dashboard\app\components\admin\AdminShell.tsx","50","bg-white","className=""sr-only focus:not-sr-only focus:fixed focus:left-4 focus:top-4 focus:z-[100] focus:rounded-xl focus:bg-white focus:px-4 focus:py-2 focus:text-sm focus:font-semibold focus:text-black focus:outline-none focus:ring-2 focus:ring-white/40"""
"D:\projects\admin-dashboard\app\components\admin\AdminShellTopbar.tsx","49","bg-white","className={`${glass.focus} inline-flex h-10 w-10 shrink-0 items-center justify-center rounded-2xl border ${colors.border} bg-white/[0.06] ${colors.textSecondary} transition hover:bg-white/[0.12] lg:hidden`}"
"D:\projects\admin-dashboard\app\components\admin\AdminShellTopbar.tsx","66","bg-white","<div className={`flex w-full max-w-md items-center gap-2 rounded-2xl border ${colors.border} bg-white/[0.06] px-3 py-2 text-sm ${colors.textMuted} shadow-inner backdrop-blur-xl transition-colors`}>"
"D:\projects\admin-dashboard\app\components\admin\AdminShellTopbar.tsx","80","bg-white","<div className={`hidden max-w-[220px] items-center gap-2 rounded-2xl border ${colors.border} bg-white/[0.06] px-3 py-2 text-xs ${colors.textSecondary} sm:flex`}>"
"D:\projects\admin-dashboard\app\components\admin\AdminShellTopbar.tsx","90","bg-white","className={`${glass.focus} inline-flex h-10 w-10 shrink-0 items-center justify-center rounded-2xl border ${colors.border} bg-white/[0.06] ${colors.textSecondary} transition hover:bg-white/[0.12]`}"
"D:\projects\admin-dashboard\app\components\admin\AdminSidebar.tsx","206","text-white","className={`${navigation.sidebarShell} border-white/10 bg-neutral-950 text-white`}"
"D:\projects\admin-dashboard\app\components\admin\AdminSidebar.tsx","227","text-white","className={`${navigation.mobileShell} border-white/10 bg-neutral-950 text-white`}"
"D:\projects\admin-dashboard\app\components\admin\AdminSidebar.tsx","229","border-white","<div className={`${navigation.mobileHeader} border-white/10`}>"
"D:\projects\admin-dashboard\app\components\admin\AdminSidebar.tsx","244","text-white","className={`${navigation.closeButton} border-white/10 bg-white/5 text-white hover:border-white/20 hover:bg-white/10 focus:ring-white/30`}"
"D:\projects\admin-dashboard\app\components\admin\AdminSidebar.tsx","280","bg-black","<div className={`${navigation.brandCard} border-white/10 bg-black/50 shadow-black/20`}>"
"D:\projects\admin-dashboard\app\components\admin\AdminSystemAlerts.tsx","37","bg-white","className=""rounded-lg p-1 text-amber-100/70 transition hover:bg-white/10 hover:text-amber-100"""
"D:\projects\admin-dashboard\app\components\auth\AuthGuard.tsx","130","text-white","<div className=""flex min-h-screen items-center justify-center bg-[#020617] px-4 text-white"">"
"D:\projects\admin-dashboard\app\components\auth\AuthGuard.tsx","131","text-zinc-","<div className=""rounded-3xl border border-white/10 bg-white/[0.06] px-6 py-4 text-sm text-zinc-300 shadow-2xl shadow-black/30 backdrop-blur-2xl"">"
"D:\projects\admin-dashboard\app\components\auth\AuthGuard.tsx","142","text-white","<main className=""flex min-h-screen items-center justify-center bg-[#07090d] p-6 text-white"">"
"D:\projects\admin-dashboard\app\components\auth\AuthGuard.tsx","143","shadow-black","<section className=""w-full max-w-md rounded-3xl border border-red-500/20 bg-red-950/20 p-8 text-red-200 shadow-2xl shadow-black/40"">"
"D:\projects\admin-dashboard\app\components\auth\AuthGuard.tsx","150","text-white","<h1 className=""text-xl font-semibold text-white"">"
"D:\projects\admin-dashboard\app\components\auth\StaffOrAdmin.tsx","19","text-white","<div className=""flex min-h-screen items-center justify-center bg-[radial-gradient(circle_at_top_left,_rgba(59,130,246,0.16),_transparent_34%),#020617] px-4 text-white"">"
"D:\projects\admin-dashboard\app\components\auth\StaffOrAdmin.tsx","20","text-zinc-","<div className=""rounded-3xl border border-white/10 bg-white/[0.06] px-6 py-4 text-sm text-zinc-300 shadow-2xl shadow-black/30 backdrop-blur-2xl"">"
"D:\projects\admin-dashboard\app\components\barcode-scanner\components\CameraScannerPanel.tsx","30","bg-black","<div className=""relative overflow-hidden rounded-[2rem] border border-white/10 bg-black shadow-2xl shadow-black/50"">"
"D:\projects\admin-dashboard\app\components\barcode-scanner\components\CameraScannerPanel.tsx","46","text-zinc-","<div className=""rounded-3xl border border-white/10 bg-white/[0.04] p-4 text-sm text-zinc-300 backdrop-blur-xl"">"
"D:\projects\admin-dashboard\app\components\barcode-scanner\components\CameraScannerPanel.tsx","58","text-zinc-","<p className=""mt-2 text-xs leading-5 text-zinc-500"">"
"D:\projects\admin-dashboard\app\components\barcode-scanner\components\HardwareScannerPanel.tsx","22","bg-white","<section className=""rounded-[2rem] border border-white/10 bg-white/[0.05] p-5 shadow-2xl shadow-black/30 backdrop-blur-xl"">"
"D:\projects\admin-dashboard\app\components\barcode-scanner\components\HardwareScannerPanel.tsx","54","text-white","className=""w-full rounded-2xl border border-white/10 bg-black/50 px-4 py-3 text-white outline-none backdrop-blur-xl placeholder:text-zinc-500 focus:border-emerald-300/50"""
"D:\projects\admin-dashboard\app\components\barcode-scanner\components\HardwareScannerPanel.tsx","60","bg-white","className=""mt-3 rounded-2xl border border-white/10 bg-white px-4 py-2 font-semibold text-black shadow-lg shadow-black/30 transition hover:bg-zinc-200"""
"D:\projects\admin-dashboard\app\components\barcode-scanner\components\HardwareScannerPanel.tsx","65","text-zinc-","<p className=""mt-4 text-xs leading-5 text-zinc-500"">"
"D:\projects\admin-dashboard\app\components\barcode-scanner\components\ManualScannerPanel.tsx","19","bg-white","<section className=""rounded-[2rem] border border-white/10 bg-white/[0.05] p-5 shadow-2xl shadow-black/30 backdrop-blur-xl"">"
"D:\projects\admin-dashboard\app\components\barcode-scanner\components\ManualScannerPanel.tsx","48","text-white","className=""w-full rounded-2xl border border-white/10 bg-black/50 px-4 py-3 text-white outline-none backdrop-blur-xl placeholder:text-zinc-500 focus:border-cyan-300/50"""
"D:\projects\admin-dashboard\app\components\barcode-scanner\components\ManualScannerPanel.tsx","54","bg-white","className=""mt-3 rounded-2xl border border-white/10 bg-white px-4 py-2 font-semibold text-black shadow-lg shadow-black/30 transition hover:bg-zinc-200"""
"D:\projects\admin-dashboard\app\components\barcode-scanner\components\ScannerModeButton.tsx","19","text-zinc-",": ""border-white/10 bg-white/[0.06] text-zinc-300 hover:border-white/20 hover:bg-white/[0.1]"""
"D:\projects\admin-dashboard\app\components\modals\shared\ModalHeader.tsx","44","text-white","className=""rounded-xl border border-white/10 bg-white/5 p-2 text-neutral-300 transition hover:bg-white/10 hover:text-white"""
"D:\projects\admin-dashboard\app\components\modals\shared\ModalShell.tsx","27","bg-black","className=""fixed inset-0 z-50 flex items-center justify-center bg-black/80 px-4 backdrop-blur-md"""
"D:\projects\admin-dashboard\app\components\modals\shared\ModalShell.tsx","30","text-white","className={`max-h-[90vh] w-full overflow-y-auto rounded-3xl border border-white/10 bg-[rgba(10,10,10,0.88)] p-6 text-white shadow-2xl shadow-black/40 backdrop-blur-2xl ${maxWidthClassName}`}"
"D:\projects\admin-dashboard\app\components\modals\HipaaSafetyModal.tsx","118","bg-white","className=""rounded-2xl border border-white/10 bg-white/[0.03] px-4 py-3 backdrop-blur-xl"""
"D:\projects\admin-dashboard\app\components\modals\HipaaSafetyModal.tsx","149","bg-white","<div className=""mt-5 rounded-2xl border border-white/10 bg-white/[0.03] p-4"">"
"D:\projects\admin-dashboard\app\components\modals\HipaaSafetyModal.tsx","174","text-white","className=""rounded-2xl border border-white/10 bg-white/10 px-5 py-3 text-sm font-semibold text-white transition hover:bg-white/15"""
"D:\projects\admin-dashboard\app\components\modals\HipaaSafetyModal.tsx","182","bg-white","className=""rounded-2xl bg-white px-5 py-3 text-sm font-semibold text-black transition hover:opacity-90"""
"D:\projects\admin-dashboard\app\components\reports\OpenUploadCenterButton.tsx","20","text-white","className=""inline-flex items-center justify-center gap-2 rounded-2xl border border-white/10 bg-white/10 px-4 py-2 text-sm font-semibold text-white transition hover:bg-white/15"""
"D:\projects\admin-dashboard\app\components\reports\ReportsKpiCards.tsx","170","border-white","className={`rounded-3xl border p-5 transition hover:-translate-y-0.5 hover:border-white/20 ${getToneClasses("
"D:\projects\admin-dashboard\app\components\reports\ReportUploadCard.tsx","239","text-white","<h2 className=""text-lg font-semibold text-white"">{title}</h2>"
"D:\projects\admin-dashboard\app\components\ui\PageHeader.tsx","25","text-white","<h1 className=""mt-1 text-3xl font-bold tracking-tight text-white light:text-slate-950"">"
"D:\projects\admin-dashboard\app\components\ui\PageHeader.tsx","30","text-slate-","<p className=""mt-2 max-w-3xl text-sm leading-6 text-zinc-400 light:text-slate-600"">"
"D:\projects\admin-dashboard\app\components\ui\PrimaryButton.tsx","14","text-slate-","<button {...props} className={`${""inline-flex items-center justify-center gap-2 rounded-2xl bg-cyan-300 px-5 py-3 text-sm font-bold text-slate-950 shadow-lg shadow-cyan-500/20 transition hover:bg-cyan-200 disabled:cursor-not-allowed disabled:opacity-50""} ${className}`}>"
"D:\projects\admin-dashboard\app\components\MaintenanceGate.tsx","36","border-white","""border-white/10 bg-neutral-950 text-neutral-300"","
"D:\projects\admin-dashboard\app\components\MaintenanceGate.tsx","45","bg-white","""border-white/10 bg-white/5 text-neutral-300"","
"D:\projects\admin-dashboard\app\components\MaintenanceGate.tsx","61","text-white","<main className=""flex min-h-screen items-center justify-center bg-black p-6 text-white"">"
"D:\projects\admin-dashboard\app\components\MaintenanceGate.tsx","65","shadow-black","className={`w-full max-w-md rounded-3xl border p-8 shadow-2xl shadow-black/40 ${toneClasses[tone]}`}"
"D:\projects\admin-dashboard\app\components\MaintenanceGate.tsx","81","text-white","<h1 className=""text-xl font-semibold text-white"">"
"D:\projects\admin-dashboard\app\login\page.tsx","12","text-white","<main className=""flex min-h-screen items-center justify-center bg-slate-950 text-white"">"
