cokey,insurance,insgroupingname,insaddr,inscitystzip,insphone,PayorCo,PayorGrp,PlanType,PriceTable,claimform,branch,submitterid,providernbr,BranchPriceTable,ClaimPrg,ECSName,HoldAccount,PayPercentage,SubmissionTypeName,AutoCrossover,Medigap,MedigapNo,PrintBalanceDuePayor,WorkersCompensationClaims,Signature,RemittanceAddress1,RemittanceAddress2,RemittanceCity,RemittanceState,RemittanceZipCode,OverrideSubmissionToPrint,PayorCoverageTypeNames,InsuranceStatus
104,[Patient],[Patient]104, ,,,,Patient Pay,,Retail,Patient Invoice,Advanced Home Medical Inc,,,Retail,Other,,False,100,Print,2,False,,False,False,,2212 FT. CAMPBELL BLVD.,,HOPKINSVILLE,Kentucky,422404665 ,False,"DME, Major Medical",Active
113,DMERC B (INS008),DMERC B (INS008)113,ASF PO BOX 7027,"INDIANAPOLIS, IN 46207-7027",(877) 299 7900,,Medicare,Medicare,Medicare,HCFA 1500 ICD-10,Advanced Home Medical Inc,B08076925,4951430001,Medicare,Medicare,CEDI B 5010,False,80,Electronic,2,False,,True,False,,,,,,,False,"DME, Major Medical",Active
240,AAG (INS219),AAG (INS219)240,PO 612989 ,"DALLAS, TX 75261-2989",,,Private Insurance,,Commercial,HCFA 1500 ICD-10,Advanced Home Medical Inc,30526966,,Commercial,Other,Capario (Commercial) 5010,False,100,Electronic,2,False,,True,False,,,,,,,False,"DME, Major Medical",Active
241,AARP (D) (INS010),AARP (D) (INS010)241,UNITED HEALTHCARE CLAIM DIV ,"ATLANTA, GA 30374-0819",(800) 227 7789,,Private Insurance,,Commercial,HCFA 1500 ICD-10,Advanced Home Medical Inc,30526966,,Commercial,Other,Capario (Commercial) 5010,False,100,Electronic,2,False,,True,False,,,,,,,False,"DME, Major Medical",Active
242,AARP (INS324),AARP (INS324)242,601 EAST STREET NW ,"WASHINGTON, DC 20049     ",(888) 687 2277,,Private Insurance,,Commercial,HCFA 1500 ICD-10,Advanced Home Medical Inc,30526966,,Commercial,Other,Capario (Commercial) 5010,False,100,Electronic,2,False,,True,False,,,,,,,False,"DME, Major Medical",Active
243,ADVANTRA FREEDOM (MCR) (INS322),ADVANTRA FREEDOM (MCR) (INS322)243,PO BOX 7154 ,"LONDON, KY 40742     ",(800) 713 5095,,Private Insurance,,Medicare,HCFA 1500 ICD-10,Advanced Home Medical Inc,30526966,,Commercial,Other,Capario (Commercial) 5010,False,100,Electronic,2,False,,True,False,,,,,,,False,"DME, Major Medical",Active
244,AETNA (INS156),AETNA (INS156)244,PO 981107 ,"EL PASO, TX 79998-1107",(800) 423 3289,,Private Insurance,,Commercial,HCFA 1500 ICD-10,Advanced Home Medical Inc,30526966,,Commercial,Other,Capario (Commercial) 5010,False,100,Electronic,2,False,,True,False,,,,,,,False,"DME, Major Medical",Active
245,AETNA (INS180),AETNA (INS180)245,10401 LIM STA RD ,"LOUISVILLE, KY 40232     ",(800) 423 3289,,Private Insurance,,Commercial,HCFA 1500 ICD-10,Advanced Home Medical Inc,30526966,,Commercial,Other,Capario (Commercial) 5010,False,100,Electronic,2,False,,True,False,,,,,,,False,"DME, Major Medical",Active
246,AETNA (D) (INS302),AETNA (D) (INS302)246,PO BOX 14089 ,"LEXINGTON, KY 40512-4089",(888) 632 3862,,Private Insurance,,Commercial,HCFA 1500 ICD-10,Advanced Home Medical Inc,30526966,,Commercial,Other,Capario (Commercial) 5010,False,100,Electronic,2,False,,True,False,,,,,,,False,"DME, Major Medical",Active
247,AFLAC (INS212),AFLAC (INS212)247,1932 WYNNTON RD ,"COLUMBUS, GA 31999-7253",(800) 992 3522,,Private Insurance,,Commercial,HCFA 1500 ICD-10,Advanced Home Medical Inc,30526966,,Commercial,Other,Capario (Commercial) 5010,False,100,Electronic,2,False,,True,False,,,,,,,False,"DME, Major Medical",Active
248,AIG (INS181),AIG (INS181)248,PO BOX 1822 ,"ALPHARETTA, GA 30023     ",,,Private Insurance,,Commercial,HCFA 1500 ICD-10,Advanced Home Medical Inc,30526966,,Commercial,Other,Capario (Commercial) 5010,False,100,Electronic,2,False,,True,False,,,,,,,False,"DME, Major Medical",Active
249,AIG ACCIDENT AND HEALTH (INS363),AIG ACCIDENT AND HEALTH (INS363)249,PO BOX 3726 ,"SEATTLE, WA 98124     ",(800) 000 0000,,Private Insurance,,Commercial,HCFA 1500 ICD-10,Advanced Home Medical Inc,30526966,,Commercial,Other,Capario (Commercial) 5010,False,100,Electronic,2,False,,True,False,,,,,,,False,"DME, Major Medical",Active
250,ALLIANCE COAL (INSOP4),ALLIANCE COAL (INSOP4)250,PO BOX211577 ,"EAGAN, MN 55121     ",(859) 685 6336,,Private Insurance,,Commercial,HCFA 1500 ICD-10,Advanced Home Medical Inc,30526966,,Commercial,Other,Capario (Commercial) 5010,False,100,Electronic,2,False,,True,False,,,,,,,False,"DME, Major Medical",Active
251,AMERICAN CONTINENTAL INS CO (INS335),AMERICAN CONTINENTAL INS CO (INS335)251,PO BOX 2368 ,"BRENTWOOD, TN 37024     ",(800) 000 0000,,Private Insurance,,Commercial,HCFA 1500 ICD-10,Advanced Home Medical Inc,30526966,,Commercial,Other,Capario (Commercial) 5010,False,100,Electronic,2,False,,True,False,,,,,,,False,"DME, Major Medical",Active
252,AMERICAN HEALTH GROUP (INS198),AMERICAN HEALTH GROUP (INS198)252,PO 1500 ,"MAUMEE, OH 43537     ",(800) 861 5770,,Private Insurance,,Commercial,HCFA 1500 ICD-10,Advanced Home Medical Inc,30526966,,Commercial,Other,Capario (Commercial) 5010,False,100,Electronic,2,False,,True,False,,,,,,,False,"DME, Major Medical",Active
253,AMERICAN HERITAGE LIFE INS CO (INS395),AMERICAN HERITAGE LIFE INS CO (INS395)253,PO BOX 853916 ,"RICHARDSON, TX 78085-3916",(800) 000 0000,,Private Insurance,,Commercial,HCFA 1500 ICD-10,Advanced Home Medical Inc,30526966,,Commercial,Other,Capario (Commercial) 5010,False,100,Electronic,2,False,,True,False,,,,,,,False,"DME, Major Medical",Active
254,AMERICAN LIFE INS CO OF TEXAS (INS399),AMERICAN LIFE INS CO OF TEXAS (INS399)254,PO BOX 696800 ,"SAN ANTONIO, TX 78269     ",(800) 899 6520,,Private Insurance,,Commercial,HCFA 1500 ICD-10,Advanced Home Medical Inc,30526966,,Commercial,Other,Capario (Commercial) 5010,False,100,Electronic,2,False,,True,False,,,,,,,False,"DME, Major Medical",Active
255,AMERICAN ZURICH INSURANCE (INSOPN),AMERICAN ZURICH INSURANCE (INSOPN)255,1400 AMERICAN LANE ,"SCHAUMBURG, IL 60196     ",(847) 605 6000,,Private Insurance,,Commercial,HCFA 1500 ICD-10,Advanced Home Medical Inc,30526966,,Commercial,Other,Capario (Commercial) 5010,False,100,Electronic,2,False,,True,False,,,,,,,False,"DME, Major Medical",Active
256,ANTHEM (INS170),ANTHEM (INS170)256,PO BOX 105187 ,"ATLANTA, GA 30348     ",,,Private Insurance,,Commercial,HCFA 1500 ICD-10,Advanced Home Medical Inc,30526966,,Commercial,Other,Capario (BCBS) 5010,False,100,Electronic,2,False,,True,False,,,,,,,False,"DME, Major Medical",Active
257,ANTHEM BLUE MEDICARE ACCESS (INSOPK),ANTHEM BLUE MEDICARE ACCESS (INSOPK)257,PO BOX 105187 ,"ATLANTA, GA 30348     ",(800) 467 1199,,Private Insurance,Medicare,Medicare,HCFA 1500 ICD-10,Advanced Home Medical Inc,30526966,,Medicare,Group Health Plan,Capario (BCBS) 5010,False,80,Electronic,2,False,,True,False,,,,,,,False,DME,Active
258,APWU (INS243),APWU (INS243)258,PO 967 ,"SILVER SPRING, MD 20910     ",,,Private Insurance,,Commercial,HCFA 1500 ICD-10,Advanced Home Medical Inc,30526966,,Commercial,Other,Capario (Commercial) 5010,False,100,Electronic,2,False,,True,False,,,,,,,False,"DME, Major Medical",Active
259,ASSURANT HEALTH (INSOOY),ASSURANT HEALTH (INSOOY)259,PO BOX 2806 ,"CLINTON, IA 52733-2806",(800) 256 2680,,Private Insurance,,Commercial,HCFA 1500 ICD-10,Advanced Home Medical Inc,30526966,,Commercial,Other,Capario (Commercial) 5010,False,100,Electronic,2,False,,True,False,,,,,,,False,"DME, Major Medical",Active
260,AULTCARE (INSOPP),AULTCARE (INSOPP)260,PO BOX 6910 ,"CANTON, OH 44706     ",(800) 000 0000,,Private Insurance,,Commercial,HCFA 1500 ICD-10,Advanced Home Medical Inc,30526966,,Commercial,Other,Capario (Commercial) 5010,False,100,Electronic,2,False,,True,False,,,,,,,False,"DME, Major Medical",Active
261,BAKERY & CONFECT UNION (INSOP7),BAKERY & CONFECT UNION (INSOP7)261,10401 CONNECTICUT AVENUE ,"KENSINGTON, MD 20895-3960",(800) 223 4276,,Private Insurance,,Commercial,HCFA 1500 ICD-10,Advanced Home Medical Inc,30526966,,Commercial,Other,Capario (Commercial) 5010,False,100,Electronic,2,False,,True,False,,,,,,,False,"DME, Major Medical",Active
262,BANKERS LIFE (INS011),BANKERS LIFE (INS011)262,PO BOX 1935 ,"CARMEL, IN 46082-1935",(800) 231 9150,,Private Insurance,,Commercial,HCFA 1500 ICD-10,Advanced Home Medical Inc,30526966,,Commercial,Other,Capario (Commercial) 5010,False,100,Electronic,2,False,,True,False,,,,,,,False,"DME, Major Medical",Active
263,BC (D)(INS165),BC (D)(INS165)263,PO 37690 ,"LOUISVILLE, KY 40233-7690",(888) 650 4133,,Private Insurance,,Commercial,HCFA 1500 ICD-10,Advanced Home Medical Inc,30526966,,Commercial,Other,Capario (BCBS) 5010,False,100,Electronic,2,False,,True,False,,,,,,,False,"DME, Major Medical",Active
264,BCBS ILLINOIS (INS247),BCBS ILLINOIS (INS247)264,PO 37690 ,"LOUISVILLE, KY 40233-7690",,,Private Insurance,,Commercial,HCFA 1500 ICD-10,Advanced Home Medical Inc,30526966,,Commercial,Other,Capario (BCBS) 5010,False,100,Electronic,2,False,,True,False,,,,,,,False,"DME, Major Medical",Active
265,BCBS OF MICHIGAN (INS115),BCBS OF MICHIGAN (INS115)265,ATTN   NASCO PO BOX 173383,"DENVER, CO 80217-3383",(800) 216 0795,,Private Insurance,,Commercial,HCFA 1500 ICD-10,Advanced Home Medical Inc,30526966,,Commercial,Other,Capario (BCBS) 5010,False,100,Electronic,2,False,,True,False,,,,,,,False,"DME, Major Medical",Active
266,BCBS OF SOUTH CAR (INS103),BCBS OF SOUTH CAR (INS103)266,CLAIMS PROCESSING UNIT PO BOX 100300,"COLUMBIA, SC 29202     ",(800) 334 2583,,Private Insurance,,Commercial,HCFA 1500 ICD-10,Advanced Home Medical Inc,30526966,,Commercial,Other,Capario (BCBS) 5010,False,100,Electronic,2,False,,True,False,,,,,,,False,"DME, Major Medical",Active
267,BCBS TEXAS (INS329),BCBS TEXAS (INS329)267,PO BOX 37690 ,"LOUISVILLE, KY 40233-7690",(800) 521 2227,,Private Insurance,,Commercial,HCFA 1500 ICD-10,Advanced Home Medical Inc,30526966,,Commercial,Other,Capario (BCBS) 5010,False,100,Electronic,2,False,,True,False,,,,,,,False,"DME, Major Medical",Active
268,BENESIGHT (INS277),BENESIGHT (INS277)268,PO BOX 360 ,"PUEBLO, CO 81002     ",(877) 370 6032,,Private Insurance,,Commercial,HCFA 1500 ICD-10,Advanced Home Medical Inc,30526966,,Commercial,Other,Capario (Commercial) 5010,False,100,Electronic,2,False,,True,False,,,,,,,False,"DME, Major Medical",Active
269,BLUEGRASS (INS163),BLUEGRASS (INS163)269,PO BOX 22322 ,"LEXINGTON, KY 40522-2322",(800) 787 2680,,Private Insurance,,Commercial,HCFA 1500 ICD-10,Advanced Home Medical Inc,30526966,,Commercial,Other,Capario (Commercial) 5010,False,100,Electronic,2,False,,True,False,,,,,,,False,"DME, Major Medical",Active
270,BLUEGRASS FAMILY HEALTH (INSOPS),BLUEGRASS FAMILY HEALTH (INSOPS)270,PO BOX 22295 ,"LEXINGTON, KY 40522     ",(877) 449 7378,,Private Insurance,,Commercial,HCFA 1500 ICD-10,Advanced Home Medical Inc,30526966,,Commercial,Other,Capario (Commercial) 5010,False,100,Electronic,2,False,,True,False,,,,,,,False,"DME, Major Medical",Active
271,BLUEGRASS HEALTH NETWORK (INS341),BLUEGRASS HEALTH NETWORK (INS341)271,PO BOX 23700 ,"LOUISVILLE, KY 40223     ",(866) 000 0000,,Private Insurance,,Commercial,HCFA 1500 ICD-10,Advanced Home Medical Inc,30526966,,Commercial,Other,Capario (Commercial) 5010,False,100,Electronic,2,False,,True,False,,,,,,,False,"DME, Major Medical",Active
272,BLUEGRASS SLEEP LAB (INS387),BLUEGRASS SLEEP LAB (INS387)272,101 WEST 18TH STREET ,"HOPKINSVILLE, KY 42240     ",(270) 885 4890,,Private Insurance,,Commercial,HCFA 1500 ICD-10,Advanced Home Medical Inc,,,Commercial,Other,,False,100,Print,2,False,,True,False,,,,,,,False,"DME, Major Medical",Active
273,BRANDSPIRE (INS389),BRANDSPIRE (INS389)273,PO BOX 25104 ,"LEHIGH VALLEY, PA 18002-5104",(800) 800 0000,,Private Insurance,,Commercial,HCFA 1500 ICD-10,Advanced Home Medical Inc,30526966,,Commercial,Other,Capario (Commercial) 5010,False,100,Electronic,2,False,,True,False,,,,,,,False,"DME, Major Medical",Active
274,CCMSI (INS348),CCMSI (INS348)274,PO BOX 43909 ,"LOUISVILLE, KY 40253     ",(800) 000 0000,,Private Insurance,,Commercial,HCFA 1500 ICD-10,Advanced Home Medical Inc,30526966,,Commercial,Other,Capario (Commercial) 5010,False,100,Electronic,2,False,,True,False,,,,,,,False,"DME, Major Medical",Active
275,CENTRAL RESERVE (INS248),CENTRAL RESERVE (INS248)275,PO 30010 ,"AUSTIN, TX 78755-3010",(800) 945 8554,,Private Insurance,,Commercial,HCFA 1500 ICD-10,Advanced Home Medical Inc,30526966,,Commercial,Other,Capario (Commercial) 5010,False,100,Electronic,2,False,,True,False,,,,,,,False,"DME, Major Medical",Active
276,CHA HEALTH   HUMANA (INS188),CHA HEALTH   HUMANA (INS188)276,PO BOX 14601 ,"LEXINGTON, KY 40512-4601",(800) 457 5683,,Private Insurance,,Commercial,HCFA 1500 ICD-10,Advanced Home Medical Inc,30526966,,Commercial,Other,Capario (Commercial) 5010,False,100,Electronic,2,False,,True,False,,,,,,,False,"DME, Major Medical",Active
277,CHRISTIAN CARE MEDI SHARE (INS372),CHRISTIAN CARE MEDI SHARE (INS372)277,PO BOX 674 ,"STERLING, IL 61081     ",(800) 000 0000,,Private Insurance,,Commercial,HCFA 1500 ICD-10,Advanced Home Medical Inc,30526966,,Commercial,Other,Capario (Commercial) 5010,False,100,Electronic,2,False,,True,False,,,,,,,False,"DME, Major Medical",Active
278,CIGNA (INS154),CIGNA (INS154)278,PO 17402 ,"DES MOINES, IA 50306     ",(800) 244 6224,,Private Insurance,,Commercial,HCFA 1500 ICD-10,Advanced Home Medical Inc,30526966,,Commercial,Other,Capario (Commercial) 5010,False,100,Electronic,2,False,,True,False,,,,,,,False,"DME, Major Medical",Active
279,CIGNA (INS179),CIGNA (INS179)279,PO 964 ,"BRISTOL, CT 06011-0964",(800) 244 6224,,Private Insurance,,Commercial,HCFA 1500 ICD-10,Advanced Home Medical Inc,30526966,,Commercial,Other,Capario (Commercial) 5010,False,100,Electronic,2,False,,True,False,,,,,,,False,"DME, Major Medical",Active
280,CIGNA (D)(INS240),CIGNA (D)(INS240)280,PO 182223 ,"CHATTANOOGA, TN 37422     ",(800) 244 6224,Cigna,Private Insurance,,Commercial,HCFA 1500 ICD-10,Advanced Home Medical Inc,30526966,,Commercial,Other,Capario (Commercial) 5010,False,100,Electronic,2,False,,True,False,,,,,,,False,"DME, Major Medical",Active
281,CIGNA (INSOP1),CIGNA (INSOP1)281,PO BOX 5710 ,"SCRANTON, PA 18505-5710",(866) 459 4272,,Private Insurance,,Commercial,HCFA 1500 ICD-10,Advanced Home Medical Inc,30526966,,Commercial,Other,Capario (Commercial) 5010,False,100,Electronic,2,False,,True,False,,,,,,,False,"DME, Major Medical",Active
282,CIGNA IL (INS193),CIGNA IL (INS193)282,PO 3099 ,"BOURBONNA, IL 60914     ",(800) 244 6224,,Private Insurance,,Commercial,HCFA 1500 ICD-10,Advanced Home Medical Inc,30526966,,Commercial,Other,Capario (Commercial) 5010,False,100,Electronic,2,False,,True,False,,,,,,,False,"DME, Major Medical",Active
283,CINCINNATI INS (INS151),CINCINNATI INS (INS151)283,PO 546 CLAIMS SPECIALIST,"HOPKINSVILLE, KY 42241-0546",(270) 886 3590,,Private Insurance,,Commercial,HCFA 1500 ICD-10,Advanced Home Medical Inc,30526966,,Commercial,Other,Capario (Commercial) 5010,False,100,Electronic,2,False,,True,False,,,,,,,False,"DME, Major Medical",Active
284,CLAIMS MANAGEMENT (INS152),CLAIMS MANAGEMENT (INS152)284,PO 1288 ,"BENTONVILLE, AR 72712-1288",(479) 621 9200,,Private Insurance,,Commercial,HCFA 1500 ICD-10,Advanced Home Medical Inc,30526966,,Commercial,Other,Capario (Commercial) 5010,False,100,Electronic,2,False,,True,False,,,,,,,False,"DME, Major Medical",Active
285,COLLINS & CO. (INS259),COLLINS & CO. (INS259)285,516 S. 6TH ST ,"MAYFIELD, KY 42066     ",(270) 251 0974,,Private Insurance,,Commercial,HCFA 1500 ICD-10,Advanced Home Medical Inc,30526966,,Commercial,Other,Capario (Commercial) 5010,False,100,Electronic,2,False,,True,False,,,,,,,False,"DME, Major Medical",Active
286,COMBINED INS CO (INS224),COMBINED INS CO (INS224)286,PO 568 ,"LANGHORNE, PA 19047     ",,,Private Insurance,,Commercial,HCFA 1500 ICD-10,Advanced Home Medical Inc,30526966,,Commercial,Other,Capario (Commercial) 5010,False,100,Electronic,2,False,,True,False,,,,,,,False,"DME, Major Medical",Active
287,CONSECO HEALTH (INS186),CONSECO HEALTH (INS186)287,PO BOX 2034 ,"CARMEL, IN 46082-2034",(800) 541 2254,,Private Insurance,,Commercial,HCFA 1500 ICD-10,Advanced Home Medical Inc,30526966,,Commercial,Other,Capario (Commercial) 5010,False,100,Electronic,2,False,,True,False,,,,,,,False,"DME, Major Medical",Active
288,CONSOCIATE DANSIG (INS254),CONSOCIATE DANSIG (INS254)288,PO BOX 1068 ,"DECATUR, IL 62525-1068",(800) 972 7038,,Private Insurance,,Commercial,HCFA 1500 ICD-10,Advanced Home Medical Inc,30526966,,Commercial,Other,Capario (Commercial) 5010,False,100,Electronic,2,False,,True,False,,,,,,,False,"DME, Major Medical",Active
289,CONTINENTAL GEN (INS267),CONTINENTAL GEN (INS267)289,PO 29136 ,"SHAWNEE MISSION, KS 66201     ",(800) 284 2898,,Private Insurance,,Commercial,HCFA 1500 ICD-10,Advanced Home Medical Inc,30526966,,Commercial,Other,Capario (Commercial) 5010,False,100,Electronic,2,False,,True,False,,,,,,,False,"DME, Major Medical",Active
290,CONTINENTAL LIFE (INS216),CONTINENTAL LIFE (INS216)290,PO 1188 ,"BRENTWOOD, TN 37027-5033",,,Private Insurance,,Commercial,HCFA 1500 ICD-10,Advanced Home Medical Inc,30526966,,Commercial,Other,Capario (Commercial) 5010,False,100,Electronic,2,False,,True,False,,,,,,,False,"DME, Major Medical",Active
291,CONTRACT CLAIM SERVICES (INS365),CONTRACT CLAIM SERVICES (INS365)291,PO BOX 541388 ,"DALLAS, TX 75354-1388",(800) 000 0000,,Private Insurance,,Commercial,HCFA 1500 ICD-10,Advanced Home Medical Inc,30526966,,Commercial,Other,Capario (Commercial) 5010,False,100,Electronic,2,False,,True,False,,,,,,,False,"DME, Major Medical",Active
292,COVENTRY CARES OF KENTUCKY (INSOPG),COVENTRY CARES OF KENTUCKY (INSOPG)292,PO BOX 7812 ,"LONDON, KY 40742     ",(855) 300 5528,,Private Insurance,,Coventry Cares,HCFA 1500 ICD-10,Advanced Home Medical Inc,30526966,,Coventry Cares,Other,Capario (Commercial) 5010,False,100,Electronic,2,False,,True,False,,,,,,,False,"DME, Major Medical",Active
293,CUMBERLAND HALL (INS377),CUMBERLAND HALL (INS377)293,210 WEST 17TH STREET ,"HOPKINSVILLE, KY 42240     ",(270) 889 2101,,Private Insurance,,Commercial,HCFA 1500 ICD-10,Advanced Home Medical Inc,,,Commercial,Other,,False,100,Print,2,False,,True,False,,,,,,,False,"DME, Major Medical",Active
294,DEFINITY HEALTH (INS297),DEFINITY HEALTH (INS297)294,PO BOX 740810 ,"ATLANTA, GA 30374-0810",(866) 333 4648,,Private Insurance,,Commercial,HCFA 1500 ICD-10,Advanced Home Medical Inc,30526966,,Commercial,Other,Capario (Commercial) 5010,False,100,Electronic,2,False,,True,False,,,,,,,False,"DME, Major Medical",Active
295,DESERET MUTUAL (INS396),DESERET MUTUAL (INS396)295,PO BOX 45530 ,"SALT LAKE CITY, UT 84145-0530",(800) 000 0000,,Private Insurance,,Commercial,HCFA 1500 ICD-10,Advanced Home Medical Inc,30526966,,Commercial,Other,Capario (Commercial) 5010,False,100,Electronic,2,False,,True,False,,,,,,,False,"DME, Major Medical",Active
296,EMPLOYEE BENEFIT CONSULTANTS (INSOOQ),EMPLOYEE BENEFIT CONSULTANTS (INSOOQ)296,PO BOX 530603 ,"BIRMINGHAM, AL 35253     ",(205) 802 4886,,Private Insurance,,Commercial,HCFA 1500 ICD-10,Advanced Home Medical Inc,30526966,,Commercial,Other,Capario (Commercial) 5010,False,100,Electronic,2,False,,True,False,,,,,,,False,"DME, Major Medical",Active
297,EMPLOYERS HEALTH (INS025),EMPLOYERS HEALTH (INS025)297,1100 EMPLOYERS BLVD. ,"GREEN BAY, WI 54344     ",(000) 000 0800,,Private Insurance,,Commercial,HCFA 1500 ICD-10,Advanced Home Medical Inc,30526966,,Commercial,Other,Capario (Commercial) 5010,False,100,Electronic,2,False,,True,False,,,,,,,False,"DME, Major Medical",Active
298,FARM BUREAU INSURANCE (INS390),FARM BUREAU INSURANCE (INS390)298,PO BOX 20600 9201 BUNSEN PARKWAY,"LOUISVILLE, KY 40250-0600",(502) 493 7663,,Private Insurance,,Commercial,HCFA 1500 ICD-10,Advanced Home Medical Inc,30526966,,Commercial,Other,Capario (Commercial) 5010,False,100,Electronic,2,False,,True,False,,,,,,,False,"DME, Major Medical",Active
299,FARM BUREAU INSURANCE (INSOPJ),FARM BUREAU INSURANCE (INSOPJ)299,PO BOX 958 ,"ELIZABETHTOWN, KY 42702     ",(270) 886 8123,,Private Insurance,,Commercial,HCFA 1500 ICD-10,Advanced Home Medical Inc,30526966,,Commercial,Other,Capario (Commercial) 5010,False,100,Electronic,2,False,,True,False,,,,,,,False,"DME, Major Medical",Active
300,FARMERS INSURANCE (INS035),FARMERS INSURANCE (INS035)300,P.O. BOX 60699 ,"COLORADO SPRINGS, CO 80960     ",(719) 540 2965,,Private Insurance,,Commercial,HCFA 1500 ICD-10,Advanced Home Medical Inc,30526966,,Commercial,Other,Capario (Commercial) 5010,False,100,Electronic,2,False,,True,False,,,,,,,False,"DME, Major Medical",Active
301,FCE BENEFITS (INSOP6),FCE BENEFITS (INSOP6)301,4615 WALZEM ROAD  STE 300 ,"SAN ANTONIO, TX 78218     ",(800) 801 0000,,Private Insurance,,Commercial,HCFA 1500 ICD-10,Advanced Home Medical Inc,30526966,,Commercial,Other,Capario (Commercial) 5010,False,100,Electronic,2,False,,True,False,,,,,,,False,"DME, Major Medical",Active
302,FIRST HEALTH (INS124),FIRST HEALTH (INS124)302,PO BOX 9500 ,"CORAOPOLIS, PA 15108     ",(800) 336 8003,,Private Insurance,,Commercial,HCFA 1500 ICD-10,Advanced Home Medical Inc,30526966,,Commercial,Other,Capario (Commercial) 5010,False,100,Electronic,2,False,,True,False,,,,,,,False,"DME, Major Medical",Active
303,FISERVE HEALTH (INS278),FISERVE HEALTH (INS278)303,PO 520 ,"PUEBLO, CO 81002     ",(800) 235 7160,,Private Insurance,,Commercial,HCFA 1500 ICD-10,Advanced Home Medical Inc,30526966,,Commercial,Other,Capario (Commercial) 5010,False,100,Electronic,2,False,,True,False,,,,,,,False,"DME, Major Medical",Active
304,FISERVE HEALTH (INS369),FISERVE HEALTH (INS369)304,PO BOX 8082 ,"WAUSAU, WI 54402-8013",(866) 542 1255,,Private Insurance,,Commercial,HCFA 1500 ICD-10,Advanced Home Medical Inc,30526966,,Commercial,Other,Capario (Commercial) 5010,False,100,Electronic,2,False,,True,False,,,,,,,False,"DME, Major Medical",Active
305,FMH BENEFITS SERVICE (INSOOW),FMH BENEFITS SERVICE (INSOOW)305,PO BOX 25946 ,"OVERLAND PARK, KS 66225     ",(800) 990 9058,,Private Insurance,,Commercial,HCFA 1500 ICD-10,Advanced Home Medical Inc,30526966,,Commercial,Other,Capario (Commercial) 5010,False,100,Electronic,2,False,,True,False,,,,,,,False,"DME, Major Medical",Active
306,FORETHOUGHT (INSOPB),FORETHOUGHT (INSOPB)306,ADMINISTRATIVE OFFICE PO BOX 14659,"CLEARWATER, FL 33766-4659",(877) 492 5870,,Private Insurance,,Commercial,HCFA 1500 ICD-10,Advanced Home Medical Inc,30526966,,Commercial,Other,Capario (Commercial) 5010,False,100,Electronic,2,False,,True,False,,,,,,,False,"DME, Major Medical",Active
307,FRANK YATES INS (INS385),FRANK YATES INS (INS385)307,2700 SHELBYVILLE ROAD ,"LOUISVILLE, KY 40203     ",(800) 000 0000,,Private Insurance,,Commercial,HCFA 1500 ICD-10,Advanced Home Medical Inc,30526966,,Commercial,Other,Capario (Commercial) 5010,False,100,Electronic,2,False,,True,False,,,,,,,False,"DME, Major Medical",Active
308,GALLAGER BASSETT (INS176),GALLAGER BASSETT (INS176)308,PO 6928 ,"LOUISVILLE, KY 40206     ",(502) 423 4300,,Private Insurance,,Commercial,HCFA 1500 ICD-10,Advanced Home Medical Inc,30526966,,Commercial,Other,Capario (Commercial) 5010,False,100,Electronic,2,False,,True,False,,,,,,,False,"DME, Major Medical",Active
309,GEHA (INS038),GEHA (INS038)309,PO BOX 981707 ,"EL PASO, TX 79998-1707",(800) 821 6136,,Private Insurance,,Commercial,HCFA 1500 ICD-10,Advanced Home Medical Inc,30526966,,Commercial,Other,Capario (Commercial) 5010,False,100,Electronic,2,False,,True,False,,,,,,,False,"DME, Major Medical",Active
310,GEICO AUTO INSURANCE (INS384),GEICO AUTO INSURANCE (INS384)310,1 GEICO CENTER ,"MACON, GA 31201     ",(800) 000 0000,,Private Insurance,,Commercial,HCFA 1500 ICD-10,Advanced Home Medical Inc,30526966,,Commercial,Other,Capario (Commercial) 5010,False,100,Electronic,2,False,,True,False,,,,,,,False,"DME, Major Medical",Active
311,GERBER LIFE INSURANCE (INSOPC),GERBER LIFE INSURANCE (INSOPC)311,PO BOX 2271 ,"OMAHA, NE 68103-2271",(877) 656 5424,,Private Insurance,,Commercial,HCFA 1500 ICD-10,Advanced Home Medical Inc,30526966,,Commercial,Other,Capario (Commercial) 5010,False,100,Electronic,2,False,,True,False,,,,,,,False,"DME, Major Medical",Active
312,GOLDEN RULE (INS231),GOLDEN RULE (INS231)312,712 ELEVENTH ST ,"LAWRENCEVILLE, IL 62439     ",,,Private Insurance,,Commercial,HCFA 1500 ICD-10,Advanced Home Medical Inc,30526966,,Commercial,Other,Capario (Commercial) 5010,False,100,Electronic,2,False,,True,False,,,,,,,False,"DME, Major Medical",Active
313,GREAT WEST (INS118),GREAT WEST (INS118)313,ONE HEALTH PLAN PO BOX 950,"DENVER, CO 80201     ",(800) 345 8177,,Private Insurance,,Commercial,HCFA 1500 ICD-10,Advanced Home Medical Inc,30526966,,Commercial,Other,Capario (Commercial) 5010,False,100,Electronic,2,False,,True,False,,,,,,,False,"DME, Major Medical",Active
314,GREAT WEST HEALTHCARE (INSOOV),GREAT WEST HEALTHCARE (INSOOV)314,1000 GREAT WEST DR ,"KENNETT, MO 63857-3749",(866) 494 2111,,Private Insurance,,Commercial,HCFA 1500 ICD-10,Advanced Home Medical Inc,30526966,,Commercial,Other,Capario (Commercial) 5010,False,100,Electronic,2,False,,True,False,,,,,,,False,"DME, Major Medical",Active
315,GUARANTEE TRUST (INS223),GUARANTEE TRUST (INS223)315,1275 MILWAUKEE AVE ,"GLENVIEW, IL 60025     ",(800) 338 7452,,Private Insurance,,Commercial,HCFA 1500 ICD-10,Advanced Home Medical Inc,30526966,,Commercial,Other,Capario (Commercial) 5010,False,100,Electronic,2,False,,True,False,,,,,,,False,"DME, Major Medical",Active
316,GWH CIGNA (INSOP9),GWH CIGNA (INSOP9)316,1000 GREAT WEST DR ,"KENNETT, MO 63857-3749",(800) 665 1461,,Private Insurance,,Commercial,HCFA 1500 ICD-10,Advanced Home Medical Inc,30526966,,Commercial,Other,Capario (Commercial) 5010,False,100,Electronic,2,False,,True,False,,,,,,,False,"DME, Major Medical",Active
317,HARLEYVILLE INSURANCE (INS358),HARLEYVILLE INSURANCE (INS358)317,PO BOX 244 ,"HARLEYVILLE, PA 19438     ",(800) 892 8877,,Private Insurance,,Commercial,HCFA 1500 ICD-10,Advanced Home Medical Inc,30526966,,Commercial,Other,Capario (Commercial) 5010,False,100,Electronic,2,False,,True,False,,,,,,,False,"DME, Major Medical",Active
318,HARTFORD INS GRP (INS043),HARTFORD INS GRP (INS043)318,PO BOX 2905 ,"PHOENIX, AZ 85062-2905",(800) 243 5860,,Private Insurance,,Commercial,HCFA 1500 ICD-10,Advanced Home Medical Inc,30526966,,Commercial,Other,Capario (Commercial) 5010,False,100,Electronic,2,False,,True,False,,,,,,,False,"DME, Major Medical",Active
319,HARTFORD INSURANCE (INS382),HARTFORD INSURANCE (INS382)319,PO BOX 14264 ,"LEXINGTON, KY 40512     ",(877) 230 3084,,Private Insurance,,Commercial,HCFA 1500 ICD-10,Advanced Home Medical Inc,30526966,,Commercial,Other,Capario (Commercial) 5010,False,100,Electronic,2,False,,True,False,,,,,,,False,"DME, Major Medical",Active
320,HARTFORD INSURANCE (INS388),HARTFORD INSURANCE (INS388)320,PO BOX 14170 ,"LEXINGTON, KY 40512     ",(877) 952 9222,,Private Insurance,,Commercial,HCFA 1500 ICD-10,Advanced Home Medical Inc,30526966,,Commercial,Other,Capario (Commercial) 5010,False,100,Electronic,2,False,,True,False,,,,,,,False,"DME, Major Medical",Active
321,HEALTH COST SOLUTIONS (INSOOX),HEALTH COST SOLUTIONS (INSOOX)321,PO BOX1439 ,"HENDERSONVILLE, TN 37077     ",(800) 526 3919,,Private Insurance,,Commercial,HCFA 1500 ICD-10,Advanced Home Medical Inc,30526966,,Commercial,Other,Capario (Commercial) 5010,False,100,Electronic,2,False,,True,False,,,,,,,False,"DME, Major Medical",Active
322,HEALTHSCOPE (INS286),HEALTHSCOPE (INS286)322,P.O. BOX 853940 ,"RICHARDSON, TX 75085-3940",(877) 240 0139,,Private Insurance,,Commercial,HCFA 1500 ICD-10,Advanced Home Medical Inc,30526966,,Commercial,Other,Capario (Commercial) 5010,False,100,Electronic,2,False,,True,False,,,,,,,False,"DME, Major Medical",Active
323,HEALTHSCOPE BENEFITS (INS356),HEALTHSCOPE BENEFITS (INS356)323,PO BOX 619055 ,"DALLAS, TX 75261-9055",(877) 240 0139,,Private Insurance,,Commercial,HCFA 1500 ICD-10,Advanced Home Medical Inc,30526966,,Commercial,Other,Capario (Commercial) 5010,False,100,Electronic,2,False,,True,False,,,,,,,False,"DME, Major Medical",Active
324,HM BENEFITS (INS294),HM BENEFITS (INS294)324,PO 535078 ,"PITTSBURGH, PA 15253     ",(800) 279 2624,,Private Insurance,,Commercial,HCFA 1500 ICD-10,Advanced Home Medical Inc,30526966,,Commercial,Other,Capario (Commercial) 5010,False,100,Electronic,2,False,,True,False,,,,,,,False,"DME, Major Medical",Active
325,HOMELINK (INSOOU),HOMELINK (INSOOU)325,PO BOX 1860 ,"WATERLOO, IA 50704     ",(800) 482 1993,,Private Insurance,,Commercial,HCFA 1500 ICD-10,Advanced Home Medical Inc,30526966,,Commercial,Other,Capario (Commercial) 5010,False,100,Electronic,2,False,,True,False,,,,,,,False,"DME, Major Medical",Active
326,HUMANA (INS078),HUMANA (INS078)326,1100 EMPLOYERS BLVD ,"GREEN BAY, WI 54344     ",(800) 448 6262,,Private Insurance,,Commercial,HCFA 1500 ICD-10,Advanced Home Medical Inc,30526966,,Commercial,Other,Capario (Commercial) 5010,False,100,Electronic,2,False,,True,False,,,,,,,False,"DME, Major Medical",Active
327,HUMANA (D) (INS300),HUMANA (D) (INS300)327,PO BOX 14601 ,"LEXINGTON, KY 40512-4601",(800) 448 6262,,Private Insurance,,Commercial,HCFA 1500 ICD-10,Advanced Home Medical Inc,30526966,,Commercial,Other,Capario (Commercial) 5010,False,100,Electronic,2,False,,True,False,,,,,,,False,"DME, Major Medical",Active
328,IND KY CARPENTERS WELFARE FUND (INSOP2),IND KY CARPENTERS WELFARE FUND (INSOP2)328,PO BOX 421729 ,"INDIANAPOLIS, IN 46242     ",(800) 700 6756,,Private Insurance,,Commercial,HCFA 1500 ICD-10,Advanced Home Medical Inc,30526966,,Commercial,Other,Capario (Commercial) 5010,False,100,Electronic,2,False,,True,False,,,,,,,False,"DME, Major Medical",Active
329,JENNIE STUART HOME HEALTH (INS237),JENNIE STUART HOME HEALTH (INS237)329,320 WEST 18TH STREET ,"HOPKINSVILLE, KY 42240     ",(270) 887 0188,,Private Insurance,,Commercial,HCFA 1500 ICD-10,Advanced Home Medical Inc,,,Commercial,Other,,False,100,Print,2,False,,True,False,,,,,,,False,"DME, Major Medical",Active
330,K AND K INSURANCE GROUP (INS323),K AND K INSURANCE GROUP (INS323)330,PO BOX 2338 ,"FORT WAYNE, IN 46801     ",(800) 000 0000,,Private Insurance,,Commercial,HCFA 1500 ICD-10,Advanced Home Medical Inc,30526966,,Commercial,Other,Capario (Commercial) 5010,False,100,Electronic,2,False,,True,False,,,,,,,False,"DME, Major Medical",Active
331,KEMI (INS172),KEMI (INS172)331,PO BOX 12500 ,"LEXINGTON, KY 40583     ",(800) 868 4553,,Private Insurance,,Commercial,HCFA 1500 ICD-10,Advanced Home Medical Inc,30526966,,Commercial,Other,Capario (Commercial) 5010,False,100,Electronic,2,False,,True,False,,,,,,,False,"DME, Major Medical",Active
332,KEMI (INSOPR),KEMI (INSOPR)332,PO BOX 12500 ,"LEXINGTON, KY 40583     ",(800) 640 5364,,Private Insurance,,Commercial,HCFA 1500 ICD-10,Advanced Home Medical Inc,30526966,,Commercial,Other,Capario (Commercial) 5010,False,100,Electronic,2,False,,True,False,,,,,,,False,"DME, Major Medical",Active
333,KEN AMERICAN RESOURCES INC (INS380),KEN AMERICAN RESOURCES INC (INS380)333,52160 NATIONAL ROAD EAST ,"ST CLAIRSVILLE, OH 43950     ",(888) 816 3096,,Private Insurance,,Commercial,HCFA 1500 ICD-10,Advanced Home Medical Inc,30526966,,Commercial,Other,Capario (Commercial) 5010,False,100,Electronic,2,False,,True,False,,,,,,,False,"DME, Major Medical",Active
334,KENTUCKY ACCESS (INS279),KENTUCKY ACCESS (INS279)334,PO 33707 ,"INDIANAPOLIS, IN 46203-0707",(866) 405 6145,,Private Insurance,,Commercial,HCFA 1500 ICD-10,Advanced Home Medical Inc,30526966,,Commercial,Other,Capario (Commercial) 5010,False,100,Electronic,2,False,,True,False,,,,,,,False,"DME, Major Medical",Active
335,KENTUCKY SPIRIT HEALTH PLAN (INSOPI),KENTUCKY SPIRIT HEALTH PLAN (INSOPI)335,PO BOX 4001 ,"FARMINGTON, MO 63640-4401",(866) 643 3153,,Private Insurance,,Commercial,HCFA 1500 ICD-10,Advanced Home Medical Inc,30526966,,Commercial,Other,Capario (Commercial) 5010,False,100,Electronic,2,False,,True,False,,,,,,,False,"DME, Major Medical",Active
336,KESA (INS158),KESA (INS158)336,200 EXECUTIVE PARK ,"LOUISVILLE, KY 40207-4202",(800) 367 5372,,Private Insurance,,Commercial,HCFA 1500 ICD-10,Advanced Home Medical Inc,30526966,,Commercial,Other,Capario (Commercial) 5010,False,100,Electronic,2,False,,True,False,,,,,,,False,"DME, Major Medical",Active
337,KSBIT (INS232),KSBIT (INS232)337,PO 3219 ,"FRANKFOR, KY 40603     ",,,Private Insurance,,Commercial,HCFA 1500 ICD-10,Advanced Home Medical Inc,30526966,,Commercial,Other,Capario (Commercial) 5010,False,100,Electronic,2,False,,True,False,,,,,,,False,"DME, Major Medical",Active
338,KY EMPLOYEE MUTUAL (INS368),KY EMPLOYEE MUTUAL (INS368)338,250 WEST MAIN STREET STE 900,"LEXINGTON, KY 40507     ",(800) 868 4553,,Private Insurance,,Commercial,HCFA 1500 ICD-10,Advanced Home Medical Inc,30526966,,Commercial,Other,Capario (Commercial) 5010,False,100,Electronic,2,False,,True,False,,,,,,,False,"DME, Major Medical",Active
339,KY FARM BUREAU (INS269),KY FARM BUREAU (INS269)339,PO BOX 20600 ,"LOUISVILLE, KY 40250     ",(800) 801 1783,,Private Insurance,,Commercial,HCFA 1500 ICD-10,Advanced Home Medical Inc,30526966,,Commercial,Other,Capario (Commercial) 5010,False,100,Electronic,2,False,,True,False,,,,,,,False,"DME, Major Medical",Active
340,LIBERTY MUTUAL (INS159),LIBERTY MUTUAL (INS159)340,PO 7170 ,"INDIANAPOLIS, IN 46207     ",(800) 362 0000,,Private Insurance,,Commercial,HCFA 1500 ICD-10,Advanced Home Medical Inc,30526966,,Commercial,Other,Capario (Commercial) 5010,False,100,Electronic,2,False,,True,False,,,,,,,False,"DME, Major Medical",Active
341,LIBERTY MUTUAL (INSOP5),LIBERTY MUTUAL (INSOP5)341,PO BOX 52 ,"NEBO, KY 42441     ",(800) 362 0000,,Private Insurance,,Commercial,HCFA 1500 ICD-10,Advanced Home Medical Inc,30526966,,Commercial,Other,Capario (Commercial) 5010,False,100,Electronic,2,False,,True,False,,,,,,,False,"DME, Major Medical",Active
342,LIBERTY MUTUAL (INSOPA),LIBERTY MUTUAL (INSOPA)342,PO BOX 1035 ,"CHESTERFIELD, MO 63006     ",(800) 362 0000,,Private Insurance,,Commercial,HCFA 1500 ICD-10,Advanced Home Medical Inc,30526966,,Commercial,Other,Capario (Commercial) 5010,False,100,Electronic,2,False,,True,False,,,,,,,False,"DME, Major Medical",Active
343,MAIL HANDLERS (INS086),MAIL HANDLERS (INS086)343,PO BOX 981106 ,"EL PASO, TX 79998     ",(800) 410 7778,,Private Insurance,,Commercial,HCFA 1500 ICD-10,Advanced Home Medical Inc,30526966,,Commercial,Other,Capario (Commercial) 5010,False,100,Electronic,2,False,,True,False,,,,,,,False,"DME, Major Medical",Active
344,MAILHANDLERS (D) (INS021),MAILHANDLERS (D) (INS021)344,PO BOX 981106 ,"EL PASO, TX 79998     ",(800) 410 7778,,Private Insurance,,Commercial,HCFA 1500 ICD-10,Advanced Home Medical Inc,30526966,,Commercial,Other,Capario (Commercial) 5010,False,100,Electronic,2,False,,True,False,,,,,,,False,"DME, Major Medical",Active
345,MARQUETTE NATIONAL (INS336),MARQUETTE NATIONAL (INS336)345,PO BOX 399127 ,"CAMBRIDGE, MA 02139     ",(800) 626 8913,,Private Insurance,,Commercial,HCFA 1500 ICD-10,Advanced Home Medical Inc,30526966,,Commercial,Other,Capario (Commercial) 5010,False,100,Electronic,2,False,,True,False,,,,,,,False,"DME, Major Medical",Active
346,MED MUT OF OHIO (INS258),MED MUT OF OHIO (INS258)346,PO 60018 ,"CLEVELAND, OH 44101     ",(800) 362 1279,,Private Insurance,,Commercial,HCFA 1500 ICD-10,Advanced Home Medical Inc,30526966,,Commercial,Other,Capario (BCBS) 5010,False,100,Electronic,2,False,,True,False,,,,,,,False,"DME, Major Medical",Active
347,MEDCOHEALTH (INS287),MEDCOHEALTH (INS287)347,PO BOX 45530 ,"SALT LAKE CITY, UT 84145-0530",(800) 777 3622,,Private Insurance,,Commercial,HCFA 1500 ICD-10,Advanced Home Medical Inc,30526966,,Commercial,Other,Capario (Commercial) 5010,False,100,Electronic,2,False,,True,False,,,,,,,False,"DME, Major Medical",Active
348,MEDICAID KY (INS002),MEDICAID KY (INS002)348,PO BOX 2101 ,"FRANKFORT, KY 40602     ",(000) 000 0800,,Medicaid,,Medicaid,HCFA 1500 ICD-10,Advanced Home Medical Inc,30526966,,Medicaid,Medicaid,Capario (Commercial) 5010,False,100,Electronic,2,False,,True,False,,,,,,,False,"DME, Major Medical",Active
349,*MEDICAID KY (MCD),*MEDICAID KY (MCD)349,P.O. BOX 2101 ,"FRANKFORT, KY 40602     ",(000) 000 0800,,Medicaid,,Medicaid,HCFA 1500 ICD-10,Advanced Home Medical Inc,,,Medicaid,Medicaid,,True,100,Print,2,False,,True,False,,,,,,,False,"DME, Major Medical",Active
350,MERITAIN (INS295),MERITAIN (INS295)350,PO 27267 ,"Minneapolis, MN 55427-0267",(800) 925 2272,,Private Insurance,,Commercial,HCFA 1500 ICD-10,Advanced Home Medical Inc,30526966,,Commercial,Other,Capario (Commercial) 5010,False,100,Electronic,2,False,,True,False,,,,,,,False,"DME, Major Medical",Active
351,MUTUAL OF OMAHA (INS009),MUTUAL OF OMAHA (INS009)351,3300 MUTUAL OF OMAHA ,"OMAHA, NE 68175-1004",(000) 000 0800,,Private Insurance,,Commercial,HCFA 1500 ICD-10,Advanced Home Medical Inc,30526966,,Commercial,Other,Capario (Commercial) 5010,False,100,Electronic,2,False,,True,False,,,,,,,False,"DME, Major Medical",Active
352,MUTUAL OF OMAHA (D)(INS141),MUTUAL OF OMAHA (D)(INS141)352,PO BOX 9 ,"WOODWARD, OK 73802     ",(800) 426 8039,,Private Insurance,,Commercial,HCFA 1500 ICD-10,Advanced Home Medical Inc,30526966,,Commercial,Other,Capario (Commercial) 5010,False,100,Electronic,2,False,,True,False,,,,,,,False,"DME, Major Medical",Active
353,NAGIT TRICARE SUPPLEMENT (INS321),NAGIT TRICARE SUPPLEMENT (INS321)353,PO BOX 10401 ,"DES MOINES, IA 50306-0401",(800) 368 5396,,Private Insurance,,Commercial,HCFA 1500 ICD-10,Advanced Home Medical Inc,30526966,,Commercial,Other,Capario (Commercial) 5010,False,100,Electronic,2,False,,True,False,,,,,,,False,"DME, Major Medical",Active
354,NAT ASSOC LETTER (INS053),NAT ASSOC LETTER (INS053)354,20547 WAVERLY CT ,"ASHBURN, VA 20149     ",(888) 636 6252,,Private Insurance,,Commercial,HCFA 1500 ICD-10,Advanced Home Medical Inc,30526966,,Commercial,Other,Capario (Commercial) 5010,False,100,Electronic,2,False,,True,False,,,,,,,False,"DME, Major Medical",Active
355,NATIONAL STATES INSURANCE CO (INS392),NATIONAL STATES INSURANCE CO (INS392)355,1830 CRAIG PARK COURT ,"ST LOUIS, MO 63146     ",(800) 868 6788,,Private Insurance,,Commercial,HCFA 1500 ICD-10,Advanced Home Medical Inc,30526966,,Commercial,Other,Capario (Commercial) 5010,False,100,Electronic,2,False,,True,False,,,,,,,False,"DME, Major Medical",Active
356,North Amer Adm,North Amer Adm356,PO 1984 ,"NASHVILLE, TN 37202     ",(800) 411 3650,,Private Insurance,,Commercial,HCFA 1500 ICD-10,Advanced Home Medical Inc,30526966,,Commercial,Other,Capario (Commercial) 5010,False,100,Electronic,2,False,,True,False,,,,,,,False,"DME, Major Medical",Active
357,NORTH AMERICA ADMINISTRATORS (NAA),NORTH AMERICA ADMINISTRATORS (NAA)357,PO 1984 ,"NASHVILLE, TN 37202     ",(800) 411 3650,,Private Insurance,,Commercial,HCFA 1500 ICD-10,Advanced Home Medical Inc,30526966,,Commercial,Other,Capario (Commercial) 5010,False,100,Electronic,2,False,,True,False,,,,,,,False,"DME, Major Medical",Active
358,NYHART (INS187),NYHART (INS187)358,PO BOX 1090 ,"EVANSVILLE, IN 47706-1090",(812) 423 1938,,Private Insurance,,Commercial,HCFA 1500 ICD-10,Advanced Home Medical Inc,30526966,,Commercial,Other,Capario (Commercial) 5010,False,100,Electronic,2,False,,True,False,,,,,,,False,"DME, Major Medical",Active
359,ONEIDA INDIAN NATION (INS317),ONEIDA INDIAN NATION (INS317)359,PO BOX 8024 ,"APPLETON, WI 54912-8024",(800) 873 4542,,Private Insurance,,Commercial,HCFA 1500 ICD-10,Advanced Home Medical Inc,30526966,,Commercial,Other,Capario (Commercial) 5010,False,100,Electronic,2,False,,True,False,,,,,,,False,"DME, Major Medical",Active
360,PEKIN LIFE INS (INS292),PEKIN LIFE INS (INS292)360,PO BOX 1587 ,"PEKIN, IL 61555-1587",(800) 371 9622,,Private Insurance,,Commercial,HCFA 1500 ICD-10,Advanced Home Medical Inc,30526966,,Commercial,Other,Capario (Commercial) 5010,False,100,Electronic,2,False,,True,False,,,,,,,False,"DME, Major Medical",Active
361,PENNYROYAL HOSPICE (INS070),PENNYROYAL HOSPICE (INS070)361,101 WEST 18TH STREET ,"HOPKINSVILLE, KY 42240     ",(270) 885 6428,,Private Insurance,,Hospice,Facility Bill Summary,Advanced Home Medical Inc,,,Hospice,Other,,False,100,Print,2,False,,True,False,,2212 FT. CAMPBELL BLVD.,,HOPKINSVILLE,Kentucky,422404665 ,False,"DME, Major Medical",Active
362,PHYSICIAN MUTUAL (INS068),PHYSICIAN MUTUAL (INS068)362,PO BOX 3313 ,"OMAHA, NB 68103     ",(800) 228 9100,,Private Insurance,,Commercial,HCFA 1500 ICD-10,Advanced Home Medical Inc,30526966,,Commercial,Other,Capario (Commercial) 5010,False,100,Electronic,2,False,,True,False,,,,,,,False,"DME, Major Medical",Active
363,PITTMAN AND ASSOCIATES (INS351),PITTMAN AND ASSOCIATES (INS351)363,PO BOX 111047 ,"MEMPHIS, TN 38111     ",(100) 835 2572,,Private Insurance,,Commercial,HCFA 1500 ICD-10,Advanced Home Medical Inc,30526966,,Commercial,Other,Capario (Commercial) 5010,False,100,Electronic,2,False,,True,False,,,,,,,False,"DME, Major Medical",Active
364,POMCO (INS303),POMCO (INS303)364,PO BOX 118 ,"SYRACUSE, NY 13206     ",,,Private Insurance,,Commercial,HCFA 1500 ICD-10,Advanced Home Medical Inc,30526966,,Commercial,Other,Capario (Commercial) 5010,False,100,Electronic,2,False,,True,False,,,,,,,False,"DME, Major Medical",Active
365,PRINCIPAL FINANCI (INS174),PRINCIPAL FINANCI (INS174)365,PO 39710 ,"COLORADO SPRINGS, CO 80949-3910",(800) 533 5044,,Private Insurance,,Commercial,HCFA 1500 ICD-10,Advanced Home Medical Inc,30526966,,Commercial,Other,Capario (Commercial) 5010,False,100,Electronic,2,False,,True,False,,,,,,,False,"DME, Major Medical",Active
366,PRINCIPAL FINANCIAL (INS133),PRINCIPAL FINANCIAL (INS133)366,PO BOX 2592 ,"SPRINGFIELD, MO 65801-2592",(800) 533 5044,,Private Insurance,,Commercial,HCFA 1500 ICD-10,Advanced Home Medical Inc,30526966,,Commercial,Other,Capario (Commercial) 5010,False,100,Electronic,2,False,,True,False,,,,,,,False,"DME, Major Medical",Active
367,PROFESSIONAL  BENEFIT  ADM (INS227),PROFESSIONAL  BENEFIT  ADM (INS227)367,PO 4687 ,"OAK BROOK, IL 60522-4687",(800) 557 1656,,Private Insurance,,Commercial,HCFA 1500 ICD-10,Advanced Home Medical Inc,30526966,,Commercial,Other,Capario (Commercial) 5010,False,100,Electronic,2,False,,True,False,,,,,,,False,"DME, Major Medical",Active
368,PROGRESSIVE (INS142),PROGRESSIVE (INS142)368,1465 KELLY JOHNSON BLVD ,"COLORADO SPRINGS, CO 80920     ",(719) 265 7220,,Private Insurance,,Commercial,HCFA 1500 ICD-10,Advanced Home Medical Inc,30526966,,Commercial,Other,Capario (Commercial) 5010,False,100,Electronic,2,False,,True,False,,,,,,,False,"DME, Major Medical",Active
369,PROGRESSIVE MEDIC (INS138),PROGRESSIVE MEDIC (INS138)369,142 WETHERBY LANE ,"WESTERVILLE, OH 43081     ",(800) 777 3574,,Private Insurance,,Commercial,HCFA 1500 ICD-10,Advanced Home Medical Inc,30526966,,Commercial,Other,Capario (Commercial) 5010,False,100,Electronic,2,False,,True,False,,,,,,,False,"DME, Major Medical",Active
370,PYRAMID (INS264),PYRAMID (INS264)370,PO 12922 ,"PENSACOLA, FL 32591-2922",(800) 444 0321,,Private Insurance,,Commercial,HCFA 1500 ICD-10,Advanced Home Medical Inc,30526966,,Commercial,Other,Capario (Commercial) 5010,False,100,Electronic,2,False,,True,False,,,,,,,False,"DME, Major Medical",Active
371,PYRAMID (INS309),PYRAMID (INS309)371,PO BOX 742568 ,"HOUSTON, TX 77274     ",(866) 568 8921,,Private Insurance,,Commercial,HCFA 1500 ICD-10,Advanced Home Medical Inc,30526966,,Commercial,Other,Capario (Commercial) 5010,False,100,Electronic,2,False,,True,False,,,,,,,False,"DME, Major Medical",Active
372,PYRAMID TODAYS OPTIONS (MCR)(INSOPD),PYRAMID TODAYS OPTIONS (MCR)(INSOPD)372,PO BOX 391885 ,"CAMBRIDGE, MA 02139     ",(800) 444 0321,,Private Insurance,,Medicare,HCFA 1500 ICD-10,Advanced Home Medical Inc,30526966,,Commercial,Other,Capario (Commercial) 5010,False,100,Electronic,2,False,,True,False,,,,,,,False,"DME, Major Medical",Active
373,RAILROAD MEDICARE (INS083),RAILROAD MEDICARE (INS083)373,PO BOX 10066 ,"AUGUSTA, GA 30099     ",,,Private Insurance,,Medicare,HCFA 1500 ICD-10,Advanced Home Medical Inc,,,Commercial,Other,,False,100,Print,2,False,,True,False,,,,,,,False,"DME, Major Medical",Active
374,ROCKWOOD CASUALTY (INS394),ROCKWOOD CASUALTY (INS394)374,654 MAIN STREET ,"ROCKWOOD, PA 15557     ",(800) 000 0000,,Private Insurance,,Commercial,HCFA 1500 ICD-10,Advanced Home Medical Inc,30526966,,Commercial,Other,Capario (Commercial) 5010,False,100,Electronic,2,False,,True,False,,,,,,,False,"DME, Major Medical",Active
375,ROYAL INS (INS283),ROYAL INS (INS283)375,PO BOX 1000 ,"CHAROLETTE, NC 28201     ",(866) 931 5100,,Private Insurance,,Commercial,HCFA 1500 ICD-10,Advanced Home Medical Inc,30526966,,Commercial,Other,Capario (Commercial) 5010,False,100,Electronic,2,False,,True,False,,,,,,,False,"DME, Major Medical",Active
376,ROYAL NEIGHBORS OF AMERICA (INS374),ROYAL NEIGHBORS OF AMERICA (INS374)376,230 16TH STREET ,"ROCK ISLAND, IL 61201     ",(309) 788 4561,,Private Insurance,,Commercial,HCFA 1500 ICD-10,Advanced Home Medical Inc,30526966,,Commercial,Other,Capario (Commercial) 5010,False,100,Electronic,2,False,,True,False,,,,,,,False,"DME, Major Medical",Active
377,RURAL CARRIERS (INS076),RURAL CARRIERS (INS076)377,P.O. BOX 668329 ,"CHARLOTTE, NC 28266-8329",(000) 000 0800,,Private Insurance,,Commercial,HCFA 1500 ICD-10,Advanced Home Medical Inc,30526966,,Commercial,Other,Capario (Commercial) 5010,False,100,Electronic,2,False,,True,False,,,,,,,False,"DME, Major Medical",Active
378,SAFE AUTO (INSOP8),SAFE AUTO (INSOP8)378,PO BOX 182384 ,"COLUMBUS, OH 43218     ",(800) 723 3288,,Private Insurance,,Commercial,HCFA 1500 ICD-10,Advanced Home Medical Inc,30526966,,Commercial,Other,Capario (Commercial) 5010,False,100,Electronic,2,False,,True,False,,,,,,,False,"DME, Major Medical",Active
379,SARA LEE (INS362),SARA LEE (INS362)379,2035 IRVIN COBB DRIVE ,"PADUCAH, KY 42003     ",(270) 444 7265,,Private Insurance,,Commercial,HCFA 1500 ICD-10,Advanced Home Medical Inc,30526966,,Commercial,Other,Capario (Commercial) 5010,False,100,Electronic,2,False,,True,False,,,,,,,False,"DME, Major Medical",Active
380,SECURE HORIZONS (MCR)DO NOT USE (INS059),SECURE HORIZONS (MCR)DO NOT USE (INS059)380,PO BOX 6699 ,"ENGLEWOOD, CO 80155     ",(877) 842 3210,,Private Insurance,Medicare,Medicare,HCFA 1500 ICD-10,Advanced Home Medical Inc,30526966,,Medicare,Group Health Plan,Capario (Commercial) 5010,False,80,Electronic,2,False,,True,False,,,,,,,False,"DME, Major Medical",Active
381,SECURE HORIZONS UHC DO NOT USE (MCR)(INSOPF),SECURE HORIZONS UHC DO NOT USE (MCR)(INSOPF)381,PO BOX 31353 ,"SALT LAKE CITY, UT 84131-0353",(866) 579 8811,,Private Insurance,Medicare,Medicare,HCFA 1500 ICD-10,Advanced Home Medical Inc,30526966,,Medicare,Group Health Plan,Capario (Commercial) 5010,False,80,Electronic,2,False,,True,False,,,,,,,False,"DME, Major Medical",Active
382,SEDGWICK (INSOOS),SEDGWICK (INSOOS)382,PO BOX 14490 ,"LEXINGTON, KY 40512-4480",(513) 774 5746,,Private Insurance,,Commercial,HCFA 1500 ICD-10,Advanced Home Medical Inc,30526966,,Commercial,Other,Capario (Commercial) 5010,False,100,Electronic,2,False,,True,False,,,,,,,False,"DME, Major Medical",Active
383,SHANENDOAH LIFE INSURANCE CO (INS339),SHANENDOAH LIFE INSURANCE CO (INS339)383,PO BOX 10854 ,"CLEARWATER, FL 33757-8854",(800) 000 0000,,Private Insurance,,Commercial,HCFA 1500 ICD-10,Advanced Home Medical Inc,30526966,,Commercial,Other,Capario (Commercial) 5010,False,100,Electronic,2,False,,True,False,,,,,,,False,"DME, Major Medical",Active
384,STANDARD LIFE (INS350),STANDARD LIFE (INS350)384,PO BOS 1800 ,"GALVESTON, TX 77553     ",(800) 000 0000,,Private Insurance,,Commercial,HCFA 1500 ICD-10,Advanced Home Medical Inc,30526966,,Commercial,Other,Capario (Commercial) 5010,False,100,Electronic,2,False,,True,False,,,,,,,False,"DME, Major Medical",Active
385,STATE FARM (INS041),STATE FARM (INS041)385,P.O. BOX 60699 ,"COLORADO SPRINGS, CO 80960     ",(000) 000 0719,,Private Insurance,,Commercial,HCFA 1500 ICD-10,Advanced Home Medical Inc,30526966,,Commercial,Other,Capario (Commercial) 5010,False,100,Electronic,2,False,,True,False,,,,,,,False,"DME, Major Medical",Active
386,STATE FARM INS (INS239),STATE FARM INS (INS239)386,PO BOX 20707 ,"MURFREESBORO, TN 37129-0088",(615) 692 6000,,Private Insurance,,Commercial,HCFA 1500 ICD-10,Advanced Home Medical Inc,30526966,,Commercial,Other,Capario (Commercial) 5010,False,100,Electronic,2,False,,True,False,,,,,,,False,"DME, Major Medical",Active
387,STATE FARM KY (INS225),STATE FARM KY (INS225)387,PO BOX 436909 ,"LOUISVILLE, KY 40253     ",,,Private Insurance,,Commercial,HCFA 1500 ICD-10,Advanced Home Medical Inc,30526966,,Commercial,Other,Capario (Commercial) 5010,False,100,Electronic,2,False,,True,False,,,,,,,False,"DME, Major Medical",Active
388,STERLING INVESTORS (INS347),STERLING INVESTORS (INS347)388,PO BOX 10844 ,"CLEARWATER, FL 33757-8844",(888) 888 8888,,Private Insurance,,Commercial,HCFA 1500 ICD-10,Advanced Home Medical Inc,30526966,,Commercial,Other,Capario (Commercial) 5010,False,100,Electronic,2,False,,True,False,,,,,,,False,"DME, Major Medical",Active
389,STERLING OPTION II (INS360),STERLING OPTION II (INS360)389,PO BOX 69314 ,"HARRISBURG, PA 17106-9314",(888) 858 8551,,Private Insurance,,Commercial,HCFA 1500 ICD-10,Advanced Home Medical Inc,30526966,,Commercial,Other,Capario (Commercial) 5010,False,100,Electronic,2,False,,True,False,,,,,,,False,"DME, Major Medical",Active
390,SYNERTECH (INS366),SYNERTECH (INS366)390,PO BOX 69309 ,"HARRISBURG, PA 17106     ",(800) 925 8573,,Private Insurance,,Commercial,HCFA 1500 ICD-10,Advanced Home Medical Inc,30526966,,Commercial,Other,Capario (Commercial) 5010,False,100,Electronic,2,False,,True,False,,,,,,,False,"DME, Major Medical",Active
391,TIME INSURANCE COMPANY (INS370),TIME INSURANCE COMPANY (INS370)391,PO BOX 42033 ,"HAZELWOOD, MO 63042     ",(800) 000 0000,,Private Insurance,,Commercial,HCFA 1500 ICD-10,Advanced Home Medical Inc,30526966,,Commercial,Other,Capario (Commercial) 5010,False,100,Electronic,2,False,,True,False,,,,,,,False,"DME, Major Medical",Active
392,TRAVELERS (INS307),TRAVELERS (INS307)392,PO 50472 ,"INDIANAPOLIS, IN 46250     ",(800) 252 4633,,Private Insurance,,Commercial,HCFA 1500 ICD-10,Advanced Home Medical Inc,30526966,,Commercial,Other,Capario (Commercial) 5010,False,100,Electronic,2,False,,True,False,,,,,,,False,"DME, Major Medical",Active
393,TRICARE FOR LIFE (INS169),TRICARE FOR LIFE (INS169)393,PO BOX 7981 ,"MADISON, WI 53707-7980",(800) 444 5445,,Private Insurance,,Medicare,HCFA 1500 ICD-10,Advanced Home Medical Inc,30526966,,Medicare,Other,Capario (Commercial) 5010,False,100,Electronic,2,False,,True,False,,,,,,,False,"DME, Major Medical",Active
394,TRICARE PRIME(South) (INS217),TRICARE PRIME(South) (INS217)394,PO BOX 870140 ,"SURFSIDE BEACH, SC 29587-9740",(877) 874 2273,,Private Insurance,,Medicare,HCFA 1500 ICD-10,Advanced Home Medical Inc,30526966,,Medicare,Other,Capario (Commercial) 5010,False,100,Electronic,2,False,,True,False,,,,,,,False,"DME, Major Medical",Active
395,TRICARE SOUTH REGION (D)(INSOPT),TRICARE SOUTH REGION (D)(INSOPT)395,PO BOX 7031 ,"CAMDEN, SC 29020-7031",(800) 444 5445,,Private Insurance,,Medicare,HCFA 1500 ICD-10,Advanced Home Medical Inc,30526966,,Medicare,Other,Capario (Commercial) 5010,False,100,Electronic,2,False,,True,False,,,,,,,False,"DME, Major Medical",Active
396,UMR (INS371),UMR (INS371)396,PO BOX 8013 ,"WAUSAU, WI 54402     ",(800) 207 1540,,Private Insurance,,Commercial,HCFA 1500 ICD-10,Advanced Home Medical Inc,30526966,,Commercial,Other,Capario (Commercial) 5010,False,100,Electronic,2,False,,True,False,,,,,,,False,"DME, Major Medical",Active
397,UMR (D)(INSOPL),UMR (D)(INSOPL)397,PO BOX 30541 ,"SALT LAKE CITY, UT 84130-0541",(800) 207 1540,,Private Insurance,,Commercial,HCFA 1500 ICD-10,Advanced Home Medical Inc,30526966,,Commercial,Other,Capario (Commercial) 5010,False,100,Electronic,2,False,,True,False,,,,,,,False,"DME, Major Medical",Active
398,UMWA (INS079),UMWA (INS079)398,P.O. BOX 619099 ,"DALLAS, TX 75261-9741",(888) 865 5290,,Private Insurance,,Commercial,HCFA 1500 ICD-10,Advanced Home Medical Inc,30526966,,Commercial,Other,Capario (Commercial) 5010,False,100,Electronic,2,False,,True,False,,,,,,,False,"DME, Major Medical",Active
399,UMWA (INS123),UMWA (INS123)399,PO BOX 389 ,"EPHRAIM, UT 84627-0361",(800) 843 8109,,Private Insurance,,Commercial,HCFA 1500 ICD-10,Advanced Home Medical Inc,30526966,,Commercial,Other,Capario (Commercial) 5010,False,100,Electronic,2,False,,True,False,,,,,,,False,"DME, Major Medical",Active
400,UMWA HEALTH & RET (INS016),UMWA HEALTH & RET (INS016)400,PO Box 99002 ,"Lubbock, TX 79490-9002",(888) 865 5290,,Private Insurance,,Commercial,HCFA 1500 ICD-10,Advanced Home Medical Inc,30526966,,Commercial,Other,Capario (Commercial) 5010,False,100,Electronic,2,False,,True,False,,,,,,,False,"DME, Major Medical",Active
401,UNICARE (INS117),UNICARE (INS117)401,PO BOX 1604 ,"OMAHA, NE 68101     ",,,Private Insurance,,Commercial,HCFA 1500 ICD-10,Advanced Home Medical Inc,30526966,,Commercial,Other,Capario (Commercial) 5010,False,100,Electronic,2,False,,True,False,,,,,,,False,"DME, Major Medical",Active
402,UNITED (D) (INS249),UNITED (D) (INS249)402,PO 30555 ,"SALT LAKE CITY, UT 84130-0555",(800) 430 4523,,Private Insurance,,Commercial,HCFA 1500 ICD-10,Advanced Home Medical Inc,30526966,,Commercial,Other,Capario (Commercial) 5010,False,100,Electronic,2,False,,True,False,,,,,,,False,"DME, Major Medical",Active
403,UNITED AMERICAN (INS073),UNITED AMERICAN (INS073)403,P.O. BOX 8080 ,"MCKINNEY, TX 75070-8080",,,Private Insurance,,Commercial,HCFA 1500 ICD-10,Advanced Home Medical Inc,30526966,,Commercial,Other,Capario (Commercial) 5010,False,100,Electronic,2,False,,True,False,,,,,,,False,"DME, Major Medical",Active
404,UNITED COM TRAVEL (INS166),UNITED COM TRAVEL (INS166)404,632 NORTH PARK ST ,"COLUMBUS, OH 43215-8619",,,Private Insurance,,Commercial,HCFA 1500 ICD-10,Advanced Home Medical Inc,30526966,,Commercial,Other,Capario (Commercial) 5010,False,100,Electronic,2,False,,True,False,,,,,,,False,"DME, Major Medical",Active
405,UNITED HEALTHCARE (INS081),UNITED HEALTHCARE (INS081)405,PO BOX 740800 ,"ATLANTA, GA 30371     ",(877) 842 3210,,Private Insurance,,Commercial,HCFA 1500 ICD-10,Advanced Home Medical Inc,30526966,,Commercial,Other,Capario (Commercial) 5010,False,100,Electronic,2,False,,True,False,,,,,,,False,"DME, Major Medical",Active
406,UNITED HEALTHCARE (INS373),UNITED HEALTHCARE (INS373)406,PO BOX30985 ,"SALT LAKE CITY, UT 84130-0985",(800) 842 5252,,Private Insurance,,Commercial,HCFA 1500 ICD-10,Advanced Home Medical Inc,30526966,,Commercial,Other,Capario (Commercial) 5010,False,100,Electronic,2,False,,True,False,,,,,,,False,"DME, Major Medical",Active
407,UNITED HEALTHCARE (INSOP3),UNITED HEALTHCARE (INSOP3)407,PO BOX 30883 ,"SALT LAKE CITY, UT 84130-0883",(877) 246 4190,,Private Insurance,,Commercial,HCFA 1500 ICD-10,Advanced Home Medical Inc,30526966,,Commercial,Other,Capario (Commercial) 5010,False,100,Electronic,2,False,,True,False,,,,,,,False,"DME, Major Medical",Active
408,UNITED HEALTHCARE (UNI3),UNITED HEALTHCARE (UNI3)408,AT T PO BOX 740800,"ATLANTA, GA 30374-0800",(877) 842 3210,,Private Insurance,,Commercial,HCFA 1500 ICD-10,Advanced Home Medical Inc,30526966,,Commercial,Other,Capario (Commercial) 5010,False,100,Electronic,2,False,,True,False,,,,,,,False,"DME, Major Medical",Active
409,UNITED HEALTHCARE (UNI5),UNITED HEALTHCARE (UNI5)409,PO BOX 30555 ,"SALT LAKE CITY, UT 84130-0555",(800) 782 9883,,Private Insurance,,Commercial,HCFA 1500 ICD-10,Advanced Home Medical Inc,30526966,,Commercial,Other,Capario (Commercial) 5010,False,100,Electronic,2,False,,True,False,,,,,,,False,"DME, Major Medical",Active
410,UNITED HEALTHCARE MEDICARE (INS393),UNITED HEALTHCARE MEDICARE (INS393)410,PO BOX 31353 ,"SALT LAKE CITY, UT 84131-0353",(877) 842 3210,,Private Insurance,Medicare,Medicare,HCFA 1500 ICD-10,Advanced Home Medical Inc,30526966,,Medicare,Other,Capario (Commercial) 5010,False,80,Electronic,2,False,,True,False,,,,,,,False,"DME, Major Medical",Active
411,UNITED MEDICAL RESOURCES (INS150),UNITED MEDICAL RESOURCES (INS150)411,PO 145804 ,"CINCINATTI, OH 45250-5804",(800) 950 4867,,Private Insurance,,Commercial,HCFA 1500 ICD-10,Advanced Home Medical Inc,30526966,,Commercial,Other,Capario (Commercial) 5010,False,100,Electronic,2,False,,True,False,,,,,,,False,"DME, Major Medical",Active
412,UNITED STATES LIFE INSURANCE (INS361),UNITED STATES LIFE INSURANCE (INS361)412,PO BOX 1581 ,"NEPTUNE, NJ 07754-1581",(010) 111 1111,,Private Insurance,,Commercial,HCFA 1500 ICD-10,Advanced Home Medical Inc,30526966,,Commercial,Other,Capario (Commercial) 5010,False,100,Electronic,2,False,,True,False,,,,,,,False,"DME, Major Medical",Active
413,UNITED TEACHERS (INS153),UNITED TEACHERS (INS153)413,PO BOX 26580 ,"AUSTIN, TX 78755-0580",,,Private Insurance,,Commercial,HCFA 1500 ICD-10,Advanced Home Medical Inc,30526966,,Commercial,Other,Capario (Commercial) 5010,False,100,Electronic,2,False,,True,False,,,,,,,False,"DME, Major Medical",Active
414,US DEPT OF LABOR (INS182),US DEPT OF LABOR (INS182)414,DFEC CENT  MAILROOM DIST 6 PO 8300,"LONDON, KY 40742-8300",(907) 357 4777,,Private Insurance,,Commercial,HCFA 1500 ICD-10,Advanced Home Medical Inc,30526966,,Commercial,Other,Capario (Commercial) 5010,False,100,Electronic,2,False,,True,False,,,,,,,False,"DME, Major Medical",Active
415,USAA INSURANCE (INSOPM),USAA INSURANCE (INSOPM)415,PO BOX 5000 ,"DAPHNE, AL 36526     ",(800) 531 8722,,Private Insurance,,Commercial,HCFA 1500 ICD-10,Advanced Home Medical Inc,30526966,,Commercial,Other,Capario (Commercial) 5010,False,100,Electronic,2,False,,True,False,,,,,,,False,"DME, Major Medical",Active
416,USAA LIFE INS (INS113),USAA LIFE INS (INS113)416,ATTN  HEALTH CLAIMS DEPT 9800 FREDERICKSBERG RD,"SAN ANTONIO, TX 78288     ",(800) 531 8000,,Private Insurance,,Commercial,HCFA 1500 ICD-10,Advanced Home Medical Inc,30526966,,Commercial,Other,Capario (Commercial) 5010,False,100,Electronic,2,False,,True,False,,,,,,,False,"DME, Major Medical",Active
417,VA HEALTH ADMIN (INSOOP),VA HEALTH ADMIN (INSOOP)417,PO BOX 469064 ,"DENVER, CO 80246-9064",(800) 733 8387,,Private Insurance,,Commercial,HCFA 1500 ICD-10,Advanced Home Medical Inc,30526966,,Commercial,Other,Capario (Commercial) 5010,False,100,Electronic,2,False,,True,False,,,,,,,False,"DME, Major Medical",Active
418,VETERANS ADMINISTRATION (INS320),VETERANS ADMINISTRATION (INS320)418,PO BOX 11809 ,"MURFREESBORO, TN 40134-8226",(615) 867 6128,,Private Insurance,,Commercial,HCFA 1500 ICD-10,Advanced Home Medical Inc,30526966,,Commercial,Other,Capario (Commercial) 5010,False,100,Electronic,2,False,,True,False,,,,,,,False,"DME, Major Medical",Active
419,VICTORIA INSURANCE (INSOP0),VICTORIA INSURANCE (INSOP0)419,PO BOX 147070 ,"GAINSVILLE, FL 32614     ",(800) 000 0000,,Private Insurance,,Commercial,HCFA 1500 ICD-10,Advanced Home Medical Inc,30526966,,Commercial,Other,Capario (Commercial) 5010,False,100,Electronic,2,False,,True,False,,,,,,,False,"DME, Major Medical",Active
420,WALMART CLAIMS MANAGEMENT (INSOPQ),WALMART CLAIMS MANAGEMENT (INSOPQ)420,PO BOX 1288 ,"BENTONVILLE, AR 72712     ",(800) 527 0566,,Private Insurance,,Commercial,HCFA 1500 ICD-10,Advanced Home Medical Inc,30526966,,Commercial,Other,Capario (Commercial) 5010,False,100,Electronic,2,False,,True,False,,,,,,,False,"DME, Major Medical",Active
421,WAUSAU (INS354),WAUSAU (INS354)421,PO BOX 1187 ,"INDIANAPOLIS, IN 46206     ",(800) 782 2794,,Private Insurance,,Commercial,HCFA 1500 ICD-10,Advanced Home Medical Inc,30526966,,Commercial,Other,Capario (Commercial) 5010,False,100,Electronic,2,False,,True,False,,,,,,,False,"DME, Major Medical",Active
422,WAUSAU INS (INS203),WAUSAU INS (INS203)422,PO 8031 ,"WAUSAU, WI 54402-8031",(800) 878 7427,,Private Insurance,,Commercial,HCFA 1500 ICD-10,Advanced Home Medical Inc,30526966,,Commercial,Other,Capario (Commercial) 5010,False,100,Electronic,2,False,,True,False,,,,,,,False,"DME, Major Medical",Active
423,WELLCARE (MEDICAID) OF KY,WELLCARE (MEDICAID) OF KY423,PO BOX 31372 ,"TAMPA, FL 33631-3372",(877) 389 9457,,Medicaid,,Medicaid,HCFA 1500 ICD-10,Advanced Home Medical Inc,30526966,,Medicaid,Other,Capario (Commercial) 5010,False,100,Electronic,2,False,,True,False,,,,,,,False,"DME, Major Medical",Active
424,WINDSOR MEDICARE EXTRA (INSOPU),WINDSOR MEDICARE EXTRA (INSOPU)424,PO BOX 269003 ,"PLANO, TX 75026-9003",(800) 316 2273,,Private Insurance,,Commercial,HCFA 1500 ICD-10,Advanced Home Medical Inc,30526966,,Commercial,Other,Capario (Commercial) 5010,False,100,Electronic,2,False,,True,False,,,,,,,False,"DME, Major Medical",Active
425,WORKERS COMPENSATION (INS391),WORKERS COMPENSATION (INS391)425,12700 TOWN PARK WAY ,"LOUISVILLE, KY 40243     ",(800) 000 0000,,Private Insurance,,Commercial,HCFA 1500 ICD-10,Advanced Home Medical Inc,30526966,,Commercial,Other,Capario (Commercial) 5010,False,100,Electronic,2,False,,True,False,,,,,,,False,"DME, Major Medical",Active
426,WORLD INSURANCE COMPANY (INS330),WORLD INSURANCE COMPANY (INS330)426,PO BOX 3160 ,"OMAHA, NE 68103     ",(402) 496 8000,,Private Insurance,,Commercial,HCFA 1500 ICD-10,Advanced Home Medical Inc,30526966,,Commercial,Other,Capario (Commercial) 5010,False,100,Electronic,2,False,,True,False,,,,,,,False,"DME, Major Medical",Active
428,HUMANA GOLD CHOICE (MCR),HUMANA GOLD CHOICE (MCR)428,PO BOX 14601 ,"LEXINGTON, KY 40512-4601",,,Private Insurance,Medicare,Medicare,HCFA 1500 ICD-10,Advanced Home Medical Inc,30526966,,Medicare,Group Health Plan,Capario (Commercial) 5010,False,100,Electronic,2,False,,False,False,,,,,,,False,DME,Active
429,HUMANA MEDICARE (EMP PPO),HUMANA MEDICARE (EMP PPO)429,PO BOX 14601 ,"LEXINGTON, KY 40512-4601",(800) 457 4708,,Private Insurance,Medicare,Medicare,HCFA 1500 ICD-10,Advanced Home Medical Inc,30526966,,Medicare,Group Health Plan,Capario (Commercial) 5010,False,80,Electronic,2,False,,False,False,,,,,,,False,"DME, Major Medical",Active
431,AETNA MEDICARE PPO,AETNA MEDICARE PPO431,PO BOX 981106 ,"EL PASO, TX 79998-1106",(800) 624 0756,,Medicare,Medicare,Medicare,HCFA 1500 ICD-10,Advanced Home Medical Inc,30526966,,Medicare,Group Health Plan,Capario (Commercial) 5010,False,100,Electronic,2,False,,False,False,,,,,,,False,"DME, Major Medical",Active
436,FINANCIAL HARDSHIP,FINANCIAL HARDSHIP436, ,,,,,,Commercial,HCFA 1500 (plain paper),Advanced Home Medical Inc,,,Commercial,Other,,False,100,Print,2,False,,False,False,,,,,,,False,"DME, Major Medical",Active
438,CHAMPVA,CHAMPVA438,PO BOX 469064 ,"DENVER, CO 80246-9064",,,Private Insurance,,Commercial,HCFA 1500 ICD-10,Advanced Home Medical Inc,30526966,,Commercial,Other,Capario (Commercial) 5010,False,100,Electronic,2,False,,False,False,,,,,,,False,"DME, Major Medical",Active
439,TOKIO MARINE,TOKIO MARINE439,PO BOX 3347 ,"NEW YORK, NY 10163     ",(312) 525 9155,,Workers Comp,,,HCFA 1500 ICD-10,Advanced Home Medical Inc,,,,Other,,False,,Print,2,False,,False,False,,,,,,,False,"DME, Major Medical",Active
440,MEDICO,MEDICO440,PO BOX 21660 ,"EAGAN, MN 55121-0660",(800) 228 6080,,Private Insurance,Mcare Sup,Commercial,HCFA 1500 ICD-10,Advanced Home Medical Inc,,,,Other,,False,100,Print,2,False,,False,False,,,,,,,False,"DME, Major Medical",Active
442,FAMILY LIFE INS CO,FAMILY LIFE INS CO442,PO BOX 925568 ,"HOUSTON, TX 77292-5568",(800) 877 7703,,Private Insurance,,Commercial,HCFA 1500 ICD-10,Advanced Home Medical Inc,30526966,,Commercial,Other,,False,100,Print,2,False,,False,False,,,,,,,False,"DME, Major Medical",Active
443,TRANSAMERICA,TRANSAMERICA443,PO BOX 3350 ,"CEDAR RAPIDS, IA 52406-3350",(800) 854 0186,,Private Insurance,,Commercial,HCFA 1500 ICD-10,Advanced Home Medical Inc,30526966,,Commercial,Other,Capario (Commercial) 5010,False,100,Electronic,2,False,,True,False,,,,,,,False,"DME, Major Medical",Active
444,FCCI,FCCI444,PO BOX 58004 ,"SARASOTA, FL 34232     ",(800) 226 3224,,Private Insurance,,Commercial,HCFA 1500 ICD-10,Advanced Home Medical Inc,30526966,,Commercial,Other,Capario (Commercial) 5010,False,100,Electronic,2,False,,True,False,,,,,,,False,"DME, Major Medical",Active
445,DAIRYLAND INS CO,DAIRYLAND INS CO445,PO BOX 8042 ,"STEVENS POINT, WI 54481     ",(800) 325 9559,,Private Insurance,,Commercial,HCFA 1500 ICD-10,Advanced Home Medical Inc,30526966,,Commercial,Other,Capario (Commercial) 5010,False,100,Electronic,2,False,,False,False,,,,,,,False,"DME, Major Medical",Active
446,ESIS,ESIS446,PO BOX 6560 ,"SCRANTON, PA 18505     ",(800) 868 4553,,Private Insurance,,Commercial,HCFA 1500 ICD-10,Advanced Home Medical Inc,30526966,,Commercial,Other,Capario (Commercial) 5010,False,100,Electronic,2,False,,False,False,,,,,,,False,"DME, Major Medical",Active
447,AMERICAN REPUBLIC,AMERICAN REPUBLIC447,PO BOX 1 ,"DES MOINES, IA 50334     ",,,Private Insurance,,Commercial,HCFA 1500 ICD-10,Advanced Home Medical Inc,,,Commercial,Other,,False,100,Print,2,False,,True,False,,,,,,,False,"DME, Major Medical",Active
448,HUMANA MEDICARE PFFS,HUMANA MEDICARE PFFS448,PO BOX 14601 ,"LEXINGTON, KY 40512-4601",(800) 457 4708,,Private Insurance,Medicare,Medicare,HCFA 1500 ICD-10,Advanced Home Medical Inc,30526966,,Medicare,Group Health Plan,Capario (Commercial) 5010,False,80,Electronic,2,False,,True,False,,,,,,,False,"DME, Major Medical",Active
449,BC FEDERAL,BC FEDERAL449,PO BOX 37690 ,"LOUISVILLE, KY 40233-7690",,,Private Insurance,,Commercial,HCFA 1500 ICD-10,Advanced Home Medical Inc,30526966,,Commercial,Other,Capario (BCBS) 5010,False,100,Electronic,2,False,,True,False,,,,,,,False,"DME, Major Medical",Active
450,CENTURY HEALTHCARE,CENTURY HEALTHCARE450,PO BOX 2256 ,"GRAPEVINE, TX 76099     ",(877) 685 2432,,Private Insurance,,Commercial,HCFA 1500 ICD-10,Advanced Home Medical Inc,,,Commercial,Other,,False,,Print,2,False,,True,False,,,,,,,False,"DME, Major Medical",Active
451,ANTHEM MEDICAID,ANTHEM MEDICAID451,PO BOX 37690 ,"LOUISVILLE, KY 40233-7690",(855) 661 2028,,Private Insurance,,Medicaid,HCFA 1500 ICD-10,Advanced Home Medical Inc,30526966,,Medicaid,Other,Capario (BCBS) 5010,False,100,Electronic,2,False,,True,False,,,,,,,False,"DME, Major Medical",Active
452,HEALTH SMART BENEFIT SOLUTIONS,HEALTH SMART BENEFIT SOLUTIONS452,PO BOX 3262 ,"CHARLSTON, WV 25332-3262",(800) 500 4277,,Private Insurance,,Commercial,HCFA 1500 ICD-10,Advanced Home Medical Inc,30526966,,Commercial,Other,Capario (Commercial) 5010,False,100,Electronic,2,False,,True,False,,,,,,,False,"DME, Major Medical",Active
453,LADEGAST HEFFNER,LADEGAST HEFFNER453,PO BOX 436949 ,"LOUISVILLE, KY 40253     ",(502) 245 8395,,Private Insurance,,Commercial,HCFA 1500 ICD-10,Advanced Home Medical Inc,30526966,,Commercial,Other,Capario (Commercial) 5010,False,100,Electronic,2,False,,False,False,,,,,,,False,"DME, Major Medical",Active
454,BCBS FEDERAL,BCBS FEDERAL454,PO BOX 37690 ,"LOUISVILLE, KY 40233-7690",,,Private Insurance,,Commercial,HCFA 1500 ICD-10,Advanced Home Medical Inc,30526966,,Commercial,Other,Capario (BCBS) 5010,False,100,Electronic,2,False,,True,False,,,,,,,False,"DME, Major Medical",Active
455,MEDIPLUS,MEDIPLUS455,PO BOX 9126 ,"DES MOINES, IA 50306     ",(800) 247 2192,,Private Insurance,,Commercial,HCFA 1500 ICD-10,Advanced Home Medical Inc,,,Commercial,Other,,False,100,Print,2,False,,False,False,,,,,,,False,"DME, Major Medical",Active
456,CNA,CNA456,PO BOX 8317 ,"CHICAGO, IL 60680-8317",(877) 378 0541,,Private Insurance,,Commercial,HCFA 1500 ICD-10,Advanced Home Medical Inc,30526966,,Commercial,Other,Capario (Workers Comp) 5010,False,100,Electronic,2,False,,False,False,,,,,,,False,"DME, Major Medical",Active
457,"KENTUCKY HEALTH COOPERATIVE, INC","KENTUCKY HEALTH COOPERATIVE, INC457",PO BOX 9107 ,"FOXBORO, MA 02035     ",(855) 687 5942,,Private Insurance,,Commercial,HCFA 1500 ICD-10,Advanced Home Medical Inc,30526966,,Commercial,Other,Capario (Commercial) 5010,False,100,Electronic,2,False,,False,False,,,,,,,False,"DME, Major Medical",Active
458,BCBS TN,BCBS TN458,ONE CAMERON HILL STE 0002,"CHATTANOOGA, TN 37402     ",(800) 565 9140,,Private Insurance,,Commercial,HCFA 1500 ICD-10,Advanced Home Medical Inc,30526966,,Commercial,Other,,False,100,Print,2,False,,True,False,,,,,,,False,"DME, Major Medical",Active
459,AMERISAVE,AMERISAVE459,2301 HWY 190 WEST ,"DERIDDER, LA 70634     ",(800) 897 9719,,Private Insurance,,Commercial,HCFA 1500 ICD-10,Advanced Home Medical Inc,30526966,,Commercial,Other,Capario (Commercial) 5010,False,100,Electronic,2,False,,True,False,,,,,,,False,"DME, Major Medical",Active
460,AMERICAN RETIREMENT LIFE INS,AMERICAN RETIREMENT LIFE INS460,PO BOX 30010 ,"AUSTIN, TX 78755-3010",,,Patient Pay,,Commercial,HCFA 1500 ICD-10,Advanced Home Medical Inc,30526966,,Commercial,Other,Capario (Commercial) 5010,False,100,Electronic,2,False,,True,False,,,,,,,False,"DME, Major Medical",Active
462,LIBERTY MUTUAL (WC),LIBERTY MUTUAL (WC)462,PO BOX 7205 ,"LONDON, KY 40742     ",(800) 362 0000,,Workers Comp,,Commercial,HCFA 1500 ICD-10,Advanced Home Medical Inc,30526966,,Commercial,Other,Capario (Commercial) 5010,False,100,Electronic,2,False,,True,False,,,,,,,False,"DME, Major Medical",Active
463,CENTRAL STATES,CENTRAL STATES463,PO BOX 34952 ,"OMAHA, NE 68134-9832",,,Private Insurance,,Commercial,HCFA 1500 ICD-10,Advanced Home Medical Inc,30526966,,Commercial,Other,Capario (Commercial) 5010,False,100,Electronic,2,False,,True,False,,,,,,,False,"DME, Major Medical",Active
464,AMERICAN HEALTH CARE ALLIANCE,AMERICAN HEALTH CARE ALLIANCE464,PO BOX 8530 ,"KANSAS CITY, MO 64114-0530",(800) 795 1023,,Private Insurance,,Commercial,HCFA 1500 ICD-10,Advanced Home Medical Inc,30526966,,Commercial,Other,Capario (Commercial) 5010,False,,Electronic,2,False,,True,False,,,,,,,False,"DME, Major Medical",Active
465,LOYAL AMERICAN INS,LOYAL AMERICAN INS465,PO BOX 5710 ,"SCRANTON, PA 18505-5710",(866) 459 4272,,Private Insurance,Mcare Sup,Commercial,HCFA 1500 ICD-10,Advanced Home Medical Inc,,,,Other,,False,100,Print,2,False,,False,False,,,,,,,False,"DME, Major Medical",Active
466,CMI,CMI466,PO BOX 14731 ,"LEXINGTON, KY 40512-4731",,,,,Commercial,HCFA 1500 ICD-10,Advanced Home Medical Inc,,,Commercial,Other,,False,,Print,2,False,,False,False,,,,,,,False,"DME, Major Medical",Active
467,OXFORD,OXFORD467,PO BOX 46518 ,"MADISON, WI 53744-6518",,,Private Insurance,Mcare Sup,Medicare,HCFA 1500 ICD-10,Advanced Home Medical Inc,30526966,,Medicare,Other,Capario (Commercial) 5010,False,100,Electronic,2,False,,False,False,,,,,,,False,"DME, Major Medical",Active
468,AETNA MCR SUPP,AETNA MCR SUPP468,PO BOX 5008 ,"BRENTWOOD, TN 37024-5008",,,Private Insurance,Medicare,Medicare,HCFA 1500 ICD-10,Advanced Home Medical Inc,30526966,,Medicare,Group Health Plan,Capario (Commercial) 5010,False,100,Electronic,2,False,,False,False,,,,,,,False,"DME, Major Medical",Active
469,THRIVENT FINANCIAL,THRIVENT FINANCIAL469,4321 N BALLARD RD ,"APPLETON, WI 54919-0001",,,,Mcare Sup,,HCFA 1500 ICD-10,Advanced Home Medical Inc,,,Commercial,Other,,False,,Print,2,False,,False,False,,,,,,,False,"DME, Major Medical",Active
470,HEALTH PLAN OF THE UPPER OHIO VALLEY,HEALTH PLAN OF THE UPPER OHIO VALLEY470,52160 E NATIONAL ROAD ,"ST CLAIRSVILLE, OH 43950     ",,,,,Commercial,HCFA 1500 ICD-10,Advanced Home Medical Inc,30526966,,Commercial,Other,Capario (Commercial) 5010,False,100,Electronic,2,False,,True,False,,,,,,,False,"DME, Major Medical",Active
471,RESERVE NATIONAL,RESERVE NATIONAL471,PO BOX 26620 ,"OKLAHOMA CITY, OK 73126     ",,,,,Commercial,HCFA 1500 ICD-10,Advanced Home Medical Inc,30526966,,Commercial,Other,Capario (Commercial) 5010,False,,Electronic,2,False,,False,False,,,,,,,False,"DME, Major Medical",Active
472,WEBTPA,WEBTPA472,PO BOX 1928 ,"GRAPEVINE, TX 76099     ",(866) 975 9468,,,,Commercial,HCFA 1500 ICD-10,Advanced Home Medical Inc,30526966,,Commercial,Other,Capario (Commercial) 5010,False,,Electronic,2,False,,False,False,,,,,,,False,"DME, Major Medical",Active
473,TRICARE NORTH REGION,TRICARE NORTH REGION473,PO BOX 870140 ,"SURFSIDE BEACH, SC 29587-9740",(877) 874 2273,,Patient Pay,,Medicare,HCFA 1500 ICD-10,Advanced Home Medical Inc,30526966,,Medicare,Other,Capario (Commercial) 5010,False,100,Electronic,2,False,,True,False,,,,,,,False,"DME, Major Medical",Active
474,TRICARE PRIME (North),TRICARE PRIME (North)474,PO BOX 870140 ,"SURFSIDE BEACH, SC 29587-9740",(877) 874 2273,,Private Insurance,,Medicare,HCFA 1500 ICD-10,Advanced Home Medical Inc,30526966,,Medicare,Other,Capario (Commercial) 5010,False,100,Electronic,2,False,,True,False,,,,,,,False,"DME, Major Medical",Active
475,AETNA BETTER HEALTH KY,AETNA BETTER HEALTH KY475,PO BOX 65195 ,"PHOENIX, AZ 85082     ",(855) 300 5528,,Private Insurance,,Medicaid,HCFA 1500 ICD-10,Advanced Home Medical Inc,30526966,,Medicaid,Other,Capario (Commercial) 5010,False,100,Electronic,2,False,,True,False,,,,,,,False,"DME, Major Medical",Active
476,CARESOURCE,CARESOURCE476,PO BOX 824 ,"DAYTON, OH 45401     ",(855) 852 5558,,Private Insurance,,Medicaid,HCFA 1500 ICD-10,Advanced Home Medical Inc,30526966,030526966050,Medicaid,Other,Capario (Commercial) 5010,False,100,Electronic,2,False,,True,False,,,,,,,False,"DME, Major Medical",Active
477,SYMETRA LIFE INS,SYMETRA LIFE INS477,PO BOX 3245 ,"MILWAUKEE, WI 53201-3245",,,,,Commercial,HCFA 1500 ICD-10,Advanced Home Medical Inc,,,Commercial,Group Health Plan,,True,100,Print,2,False,,False,False,,,,,,,False,"DME, Major Medical",Active
478,EQUITABLE LIFE INS,EQUITABLE LIFE INS478,PO BOX 2460 ,"SALT LAKE CITY, UT 84110-2460",,,Private Insurance,Mcare Sup,Commercial,HCFA 1500 ICD-10,Advanced Home Medical Inc,30526966,,Medicare,Other,Capario (Commercial) 5010,False,100,Electronic,2,False,,True,False,,,,,,,False,"DME, Major Medical",Active
479,BAPTIST HEALTH PLAN,BAPTIST HEALTH PLAN479,PO BOX 22795 ,"LEXINGTON, KY 40522-2795",,,Private Insurance,,Commercial,HCFA 1500 ICD-10,Advanced Home Medical Inc,30526966,,Commercial,Other,Capario (Commercial) 5010,False,80,Electronic,2,False,,True,False,,,,,,,False,"DME, Major Medical",Active
480,AMERICAN GENERAL,AMERICAN GENERAL480,PO BOX 305400 ,"NASHVILLE, TN 37230-5400",,,Private Insurance,,Commercial,HCFA 1500 ICD-10,Advanced Home Medical Inc,30526966,,Commercial,Other,Capario (Commercial) 5010,False,100,Electronic,2,False,,True,False,,,,,,,False,"DME, Major Medical",Active
481,GPM LIFE,GPM LIFE481,PO BOX 2679 ,"OMAHA, NE 68103-2679",(866) 865 7631,,Private Insurance,,Medicare,HCFA 1500 ICD-10,Advanced Home Medical Inc,,,Medicare,Other,,False,100,Print,2,False,,True,False,,,,,,,False,"DME, Major Medical",Active
482,BROADSPIRE,BROADSPIRE482,PO BOX 14344 ,"LEXINGTON, KY 40512     ",,,Workers Comp,,Commercial,HCFA 1500 ICD-10,Advanced Home Medical Inc,,,Commercial,Other,,False,,Print,2,False,,False,False,,,,,,,False,"DME, Major Medical",Active
483,TRIWEST VA CHOICE,TRIWEST VA CHOICE483, ,,,,,,,HCFA 1500 ICD-10,Advanced Home Medical Inc,,,,Other,,False,,Print,2,False,,False,False,,,,,,,False,"DME, Major Medical",Active
484,AmFirst Insurance Company,AmFirst Insurance Company484,PO Box 16708 ,"Jackson, MS 39236     ",(888) 888 2519,,Private Insurance,,Commercial,HCFA 1500 ICD-10,Advanced Home Medical Inc,,,Commercial,Group Health Plan,,False,100,Print,2,False,,False,False,,,,,,,False,"DME, Major Medical",Active
486,MCGREGOR & ASSOC,MCGREGOR & ASSOC486,997 GOVERNORS LANE ,"LEXINGTON, KY 40513     ",,,Private Insurance,,Commercial,HCFA 1500 ICD-10,Advanced Home Medical Inc,,,Commercial,Other,,False,100,Print,2,False,,False,False,,,,,,,False,"DME, Major Medical",Active
487,CYPRESS BENEFIT ADM,CYPRESS BENEFIT ADM487,PO BOX 880 ,"FARMINGTON, MI 48331     ",,,Private Insurance,PPO,Commercial,HCFA 1500 ICD-10,Advanced Home Medical Inc,30526966,,Commercial,Other,Capario (Commercial) 5010,False,100,Electronic,2,False,,False,False,,,,,,,False,"DME, Major Medical",Active
1487,SENTRY INS,SENTRY INS1487,601 MICHIGAN AVE N ,"STEVENS POINT, WI 54481     ",,,Private Insurance,,Commercial,HCFA 1500 ICD-10,Advanced Home Medical Inc,30526966,,Commercial,Other,Capario (Commercial) 5010,False,100,Electronic,2,False,,True,False,,,,,,,False,"DME, Major Medical",Active
1489,RENAISSANCE,RENAISSANCE1489,PO BOX 27248 ,"SALT LAKE CITY, UT 84127-0248",,,Private Insurance,Mcare Sup,Commercial,HCFA 1500 ICD-10,Advanced Home Medical Inc,,,Commercial,Other,,False,100,Print,2,False,,False,False,,,,,,,False,"DME, Major Medical",Active
1490,CONSTITUTION LIFE INS,CONSTITUTION LIFE INS1490, ,,,,Private Insurance,,Commercial,HCFA 1500 ICD-10,Advanced Home Medical Inc,,,Commercial,Other,,False,100,Print,2,False,,False,False,,,,,,,False,"DME, Major Medical",Active
1491,TRICARE EAST,TRICARE EAST1491,PO BOX 202146 ,"FLORENCE, SC 29502-2160",(800) 444 5445,,Private Insurance,,Commercial,HCFA 1500 ICD-10,Advanced Home Medical Inc,30526966,,Medicare,Other,Capario (Commercial) 5010,False,100,Electronic,2,False,,True,False,,,,,,,False,"DME, Major Medical",Active
1492,LIFESTYLE,LIFESTYLE1492,345 N. RIVERVIEW STE 600,"WITCHITA, KS 67203     ",(800) 766 4184,,Private Insurance,,Commercial,HCFA 1500 ICD-10,Advanced Home Medical Inc,30526966,,Commercial,Other,Capario (Commercial) 5010,False,100,Electronic,2,False,,True,False,,,,,,,False,"DME, Major Medical",Active
1494,CIGNA HEALTH@ LIFE INS MCR,CIGNA HEALTH@ LIFE INS MCR1494,PO BOX 30010 ,"AUSTIN, TX 78755-3010",,,Private Insurance,,Medicare,HCFA 1500 ICD-10,Advanced Home Medical Inc,30526966,,Medicare,Other,Capario (Commercial) 5010,False,100,Electronic,2,False,,False,False,,,,,,,False,"DME, Major Medical",Active
1495,Americo,Americo1495,PO Box 10814 ,"Clearwater, FL 33757     ",,,Private Insurance,,Commercial,HCFA 1500 ICD-10,Advanced Home Medical Inc,30526966,30526966,Commercial,Other,Capario (Commercial) 5010,False,100,Electronic,2,False,,True,False,,,,,,,False,"DME, Major Medical",Active
1496,MBA,MBA1496,PO BOX 1868 ,"GRAPEVINE, TX 76099-1868",(855) 688 1302,,Private Insurance,,Commercial,HCFA 1500 ICD-10,Advanced Home Medical Inc,30526966,,Commercial,Other,Capario (Commercial) 5010,False,100,Electronic,2,False,,False,False,,,,,,,False,"DME, Major Medical",Active
1497,One Call,One Call1497,841 Prudential Drive Suite 204,"Jacksonville, FL 32207     ",(800) 848 1989,,Workers Comp,,Commercial,HCFA 1500 ICD-10,Advanced Home Medical Inc,,137165,Commercial,Other,,False,100,Print,2,False,,False,False,,,,,,,False,"DME, Major Medical",Active
1498,ZURICH,ZURICH1498,PO Box 968070 ,"Schaumburg, IL 60196-8070",(800) 695 6575,,Workers Comp,,Commercial,HCFA 1500 ICD-10,Advanced Home Medical Inc,30526966,,Commercial,Other,Capario (Commercial) 5010,False,100,Electronic,0,False,,True,False,,,,,,,False,"DME, Major Medical",Active
1499,COLONIAL PENN LIFE INS,COLONIAL PENN LIFE INS1499,PO BOX 1935 ,"CARMEL, IN 46082-1935",(800) 800 2254,,Private Insurance,,Commercial,HCFA 1500 ICD-10,Advanced Home Medical Inc,30526966,,Commercial,Other,Capario (Commercial) 5010,False,100,Electronic,2,False,,True,False,,,,,,,False,"DME, Major Medical",Active
1500,SENTINEL SECURITY LIFE,SENTINEL SECURITY LIFE1500,PO BOX 27248 ,"SALT LAKE CITY, UT 84127-0248",,,,Mcare Sup,Medicare,HCFA 1500 ICD-10,Advanced Home Medical Inc,30526966,,Medicare,Other,,False,100,Print,2,False,,False,False,,,,,,,False,"DME, Major Medical",Active
1501,PASSPORT HEALTH PLAN,PASSPORT HEALTH PLAN1501,PO BOX 7114 ,"LONDON, KY 40742     ",(800) 578 0775,,Medicaid,,Medicaid,HCFA 1500 ICD-10,Advanced Home Medical Inc,30526966,,Medicaid,Other,Capario (Commercial) 5010,False,100,Electronic,2,False,,True,False,,,,,,,False,"DME, Major Medical",Active
1502,ALLIED BENEFIT SYSTEMS,ALLIED BENEFIT SYSTEMS1502,PO BOX 909786 ,"CHICAGO, ID 60690     ",,,,,Commercial,HCFA 1500 ICD-10,Advanced Home Medical Inc,30526966,,Commercial,Other,Capario (Commercial) 5010,False,,Electronic,2,False,,False,False,,,,,,,False,"DME, Major Medical",Active
1503,MEDI-SHARE,MEDI-SHARE1503,PO BOX 67 ,"MELBOURNE, FL 32902     ",(800) 264 2562,,Private Insurance,Mcare Sup,Commercial,HCFA 1500 ICD-10,Advanced Home Medical Inc,30526966,,Commercial,Other,Capario (Commercial) 5010,False,100,Electronic,2,False,,True,False,,,,,,,False,"DME, Major Medical",Active
1504,MEDBEN,MEDBEN1504,PO BOX 1099 ,"NEWARK, OH 43058-1099",,,Private Insurance,,Commercial,HCFA 1500 ICD-10,Advanced Home Medical Inc,30526966,,Commercial,Other,Capario (Commercial) 5010,False,100,Electronic,2,False,,True,False,,,,,,,False,"DME, Major Medical",Active
1505,COMPANION LIFE INS CO,COMPANION LIFE INS CO1505,PO BOX 14009 ,"CLEARWATER, FL 33766-4009",(888) 220 0466,,Private Insurance,,Commercial,HCFA 1500 ICD-10,Advanced Home Medical Inc,30526966,,Commercial,Other,Capario (Commercial) 5010,False,100,Electronic,2,False,,True,False,,,,,,,False,"DME, Major Medical",Active
1506,WC CHUBB,WC CHUBB1506,PO BOX 42065 ,"PHOENIX, AZ 85027     ",,,Workers Comp,,Commercial,HCFA 1500 ICD-10,Advanced Home Medical Inc,30526966,,Commercial,Other,Capario (Workers Comp) 5010,False,100,Electronic,2,False,,True,False,,,,,,,False,"DME, Major Medical",Active
1507,WELLCARE MEDICARE,WELLCARE MEDICARE1507,PO BOX 31224 ,"TAMPA, FL 33631-3224",,,Private Insurance,Medicare,Medicare,HCFA 1500 ICD-10,Advanced Home Medical Inc,30526966,,Medicare,Group Health Plan,Capario (Commercial) 5010,False,80,Electronic,2,False,,True,False,,,,,,,False,"DME, Major Medical",Active
1509,HUMANA HEALTHY HORIZONS (MEDICAID),HUMANA HEALTHY HORIZONS (MEDICAID)1509,PO BOX 14601 ,"LEXINGTON, KY 40512-4601",,,Medicaid,,Medicaid,HCFA 1500 ICD-10,Advanced Home Medical Inc,30526966,,Medicaid,Other,Capario (Commercial) 5010,False,100,Electronic,2,False,,True,False,,,,,,,False,"DME, Major Medical",Active
1510,CAPITOL LIFE,CAPITOL LIFE1510,PO BOX 14770 ,"LEXINGTON, KY 40512     ",,,Private Insurance,,Commercial,HCFA 1500 ICD-10,Advanced Home Medical Inc,,,Commercial,Other,,False,100,Print,2,False,,True,False,,,,,,,False,"DME, Major Medical",Active
1511,AKERA,AKERA1511,1050 MONARCH ST STE 101,"LEXINGTON, KY 40513     ",,,Workers Comp,,Commercial,HCFA 1500 ICD-10,Advanced Home Medical Inc,,,Commercial,Other,,False,,Print,2,False,,False,False,,,,,,,False,"DME, Major Medical",Active
1512,WASHINGTON NATIONAL,WASHINGTON NATIONAL1512,PO BOX 1935 ,"CARMEL, IN 46082-1935",,,Private Insurance,,Commercial,HCFA 1500 ICD-10,Advanced Home Medical Inc,30526966,,Commercial,Other,Capario (Commercial) 5010,False,100,Electronic,2,False,,True,False,,,,,,,False,"DME, Major Medical",Active
1513,PROSPERITY-S. USA,PROSPERITY-S. USA1513,PO BOX 10855 ,"CLEARWATER, FL 33757-8854",(855) 228 3276,,Private Insurance,,Commercial,HCFA 1500 ICD-10,Advanced Home Medical Inc,30526966,,Commercial,Other,Capario (Commercial) 5010,False,100,Electronic,2,False,,True,False,,,,,,,False,"DME, Major Medical",Active
1514,PAN AMERICAN LIFE,PAN AMERICAN LIFE1514,PO BOX 27248 ,"SALT LAKE CITY, UT 84127-0248",,,Private Insurance,,Commercial,HCFA 1500 ICD-10,Advanced Home Medical Inc,30526966,,Commercial,Other,Capario (Commercial) 5010,False,100,Electronic,2,False,,True,False,,,,,,,False,"DME, Major Medical",Active
1515,Lucent Health,Lucent Health1515,PO Box 1984 ,"Nashville, TN 37202     ",(844) 734 3614,,,,Commercial,HCFA 1500 ICD-10,Advanced Home Medical Inc,30526966,,Commercial,Other,Capario (Commercial) 5010,False,100,Electronic,2,False,,True,False,,,,,,,False,"DME, Major Medical",Active
1516,FEDERATED INSURANCE,FEDERATED INSURANCE1516,PO BOX 486 ,"OWATONNA, MN 55060     ",(866) 636 8660,,Workers Comp,,Commercial,HCFA 1500 ICD-10,Advanced Home Medical Inc,30526966,,Commercial,Other,Capario (Workers Comp) 5010,False,100,Electronic,2,False,,True,False,,,,,,,False,"DME, Major Medical",Active
1517,LASSO HEALTHCARE MSA,LASSO HEALTHCARE MSA1517,PO BOX 261709 ,"PLANO, TX 75026     ",(800) 579 0254,,Private Insurance,Medicare,Medicare,HCFA 1500 ICD-10,Advanced Home Medical Inc,B08076925,,Medicare,Group Health Plan,,False,80,Print,2,False,,True,False,,,,,,,False,"DME, Major Medical",Active
1518,United Health Community-Medicaid,United Health Community-Medicaid1518,PO BOX 5240 ,"Kingston Springs, NY 12402-5240",,,Medicaid,Medicaid,Medicaid,HCFA 1500 ICD-10,Advanced Home Medical Inc,30526966,,Medicaid,Other,Capario (Commercial) 5010,False,100,Electronic,2,False,,False,False,,,,,,,False,"DME, Major Medical",Active
1519,SILAC,SILAC1519,PO BOX 11642 ,"WINSTON SALEM, NC 27116     ",,,Private Insurance,Mcare Sup,Commercial,HCFA 1500 ICD-10,Advanced Home Medical Inc,30526966,,Commercial,Other,Capario (Commercial) 5010,False,100,Electronic,2,False,,False,False,,,,,,,False,"DME, Major Medical",Active
1520,FEDERAL LIFE INSURANCE CO,FEDERAL LIFE INSURANCE CO1520,PO BOX 2329 ,"OMAHA, NE 68103     ",(800) 960 1390,,Private Insurance,,Commercial,HCFA 1500 ICD-10,Advanced Home Medical Inc,,,,Group Health Plan,,False,100,Print,2,False,,False,False,,,,,,,False,"DME, Major Medical",Active
1521,Christian Health Center,Christian Health Center1521,200 Sterling Dr ,"Hopkinsville, KY 42240     ",,Christian Health Center,Contracted Payers,,Christian Health Center,Facility Bill Detail,Advanced Home Medical Inc,,,Christian Health Center,Other,,False,100,Print,2,False,,False,False,,,,,,,False,"DME, Major Medical",Active
1522,NEW ERA LIFE,NEW ERA LIFE1522,PO BOX 4884 ,"HOUSTON, TX 77214884  ",,,Private Insurance,,Medicare,HCFA 1500 ICD-10,Advanced Home Medical Inc,30526966,,Medicare,Medicare,Capario (Commercial) 5010,False,20,Electronic,2,False,,False,False,,,,,,,False,"DME, Major Medical",Active
1523,CUMBERLAND HALL,CUMBERLAND HALL1523,270 Walton Way ,"Hopkinsville, KY 42240     ",,CUMBERLAND HALL,Contracted Payers,,Cumberland Hall,Facility Bill Detail,Advanced Home Medical Inc,,,Cumberland Hall,Other,,False,100,Print,2,False,,False,False,,,,,,,False,"DME, Major Medical",Active
1524,ACE Medicare Supp (CHUBB),ACE Medicare Supp (CHUBB)1524,PO BOX 10859 ,"CLEARWATER, FL 33757-8859",(800) 601 3372,,Private Insurance,,Medicare,HCFA 1500 ICD-10,Advanced Home Medical Inc,,,,Other,,False,,Print,2,False,,False,False,,,,,,,False,"DME, Major Medical",Active
1525,LifeShield National Life Ins,LifeShield National Life Ins1525,PO Box 211116 ,"Eagan, MN 55121     ",(844) 649 1897,,Private Insurance,,Commercial,HCFA 1500 ICD-10,Advanced Home Medical Inc,30526966,,Commercial,Other,Capario (Commercial) 5010,False,100,Electronic,2,False,,False,False,,,,,,,False,"DME, Major Medical",Active
