"Path","LineNumber","Line"
"D:\projects\admin-dashboard\app\(admin)\reports\upload\components\PageErrorBanner.tsx","6","import { uploadUi } from ""./upload-ui"";"
"D:\projects\admin-dashboard\app\(admin)\reports\upload\components\UploadAccessGate.tsx","11","import { uploadUi } from ""./upload-ui"";"
"D:\projects\admin-dashboard\app\(admin)\reports\upload\components\UploadDropzone.tsx","9","import { uploadUi } from ""./upload-ui"";"
"D:\projects\admin-dashboard\app\(admin)\reports\upload\components\UploadHero.tsx","9","import { uploadUi } from ""./upload-ui"";"
"D:\projects\admin-dashboard\app\(admin)\reports\upload\components\UploadQueueList.tsx","15","import { uploadUi } from ""./upload-ui"";"
"D:\projects\admin-dashboard\app\(admin)\reports\upload\components\UploadSettingsCards.tsx","11","import { uploadUi } from ""./upload-ui"";"
"D:\projects\admin-dashboard\app\(admin)\settings\components\PageHeader.tsx","2","import { glassPanel } from ""../styles/glass"";"
"D:\projects\admin-dashboard\app\(admin)\settings\components\TabBar.tsx","3","import { glassPanel } from ""../styles/glass"";"
"D:\projects\admin-dashboard\theme\ThemeToggle.tsx","7","import { useTheme } from ""./ThemeProvider"";"
